timestamp_utc,sku,scope,status,details,product_url,image_url
2026-08-21T16:11:57+00:00,LM-63278516,existing,not_found,consecutive=1,,
2026-08-21T16:11:57+00:00,LM-66931011,existing,not_found,consecutive=1,,
2026-08-21T16:11:57+00:00,LM-66931151,existing,not_found,consecutive=1,,
2026-08-21T16:11:57+00:00,LM-66931053,existing,not_found,consecutive=1,,
2026-08-21T16:11:57+00:00,LM-77676410,existing,not_found,consecutive=1,,
2026-08-21T16:11:57+00:00,LM-63278754,existing,not_found,consecutive=1,,
2026-08-21T16:11:57+00:00,LM-87401796,existing,not_found,consecutive=1,,
2026-08-21T16:11:57+00:00,LM-82184803,existing,not_found,consecutive=1,,
2026-08-21T16:11:57+00:00,LM-80135739,existing,not_found,consecutive=1,,
2026-08-21T16:11:57+00:00,LM-87401794,existing,not_found,consecutive=1,,
2026-08-21T16:11:57+00:00,LM-82582872,existing,not_found,consecutive=1,,
2026-08-21T16:11:57+00:00,LM-68534165,existing,not_found,consecutive=1,,
2026-08-21T16:11:57+00:00,LM-85565495,existing,not_found,consecutive=1,,
2026-08-21T16:11:57+00:00,LM-85565499,existing,not_found,consecutive=1,,
2026-08-21T16:11:57+00:00,LM-82582778,existing,not_found,consecutive=1,,
2026-08-21T16:11:57+00:00,LM-82582864,existing,not_found,consecutive=1,,
2026-08-21T16:11:57+00:00,LM-82582742,existing,not_found,consecutive=1,,
2026-08-21T16:11:57+00:00,LM-82582904,existing,not_found,consecutive=1,,
2026-08-21T16:11:57+00:00,LM-82582785,existing,not_found,consecutive=1,,
2026-08-21T16:11:57+00:00,LM-82582805,existing,not_found,consecutive=1,,
2026-08-21T16:11:57+00:00,LM-68534172,existing,not_found,consecutive=1,,
2026-08-21T16:11:57+00:00,LM-85565492,existing,not_found,consecutive=1,,
2026-08-21T16:11:57+00:00,LM-82582779,existing,not_found,consecutive=1,,
2026-08-21T16:11:57+00:00,LM-85565512,existing,not_found,consecutive=1,,
2026-08-21T16:11:57+00:00,LM-82582780,existing,not_found,consecutive=1,,
2026-08-21T16:11:57+00:00,LM-68534144,existing,not_found,consecutive=1,,
2026-08-21T16:11:57+00:00,LM-68537952,existing,not_found,consecutive=1,,
2026-08-21T16:11:57+00:00,LM-68537973,existing,not_found,consecutive=1,,
2026-08-21T16:11:57+00:00,LM-85565511,existing,not_found,consecutive=1,,
2026-08-21T16:11:57+00:00,LM-68534186,existing,not_found,consecutive=1,,
2026-08-21T16:11:57+00:00,LM-82582788,existing,not_found,consecutive=1,,
2026-08-21T16:11:57+00:00,LM-82582782,existing,not_found,consecutive=1,,
2026-08-21T16:11:57+00:00,LM-68534151,existing,not_found,consecutive=1,,
2026-08-21T16:11:57+00:00,LM-68534564,existing,not_found,consecutive=1,,
2026-08-21T16:11:57+00:00,LM-68534550,existing,not_found,consecutive=1,,
2026-08-21T16:11:57+00:00,LM-68534613,existing,not_found,consecutive=1,,
2026-08-21T16:11:57+00:00,LM-68258211,existing,not_found,consecutive=1,,
2026-08-21T16:11:57+00:00,LM-69652975,existing,not_found,consecutive=1,,
2026-08-21T16:11:57+00:00,LM-84770265,existing,not_found,consecutive=1,,
2026-08-21T16:11:57+00:00,LM-84617498,existing,not_found,consecutive=1,,
2026-08-21T16:11:57+00:00,LM-86523595,existing,not_found,consecutive=1,,
2026-08-21T16:11:57+00:00,LM-86523622,existing,not_found,consecutive=1,,
2026-08-21T16:11:57+00:00,LM-86523619,existing,not_found,consecutive=1,,
2026-08-21T16:11:57+00:00,LM-86523615,existing,not_found,consecutive=1,,
2026-08-21T16:11:57+00:00,LM-86523626,existing,not_found,consecutive=1,,
2026-08-21T16:11:57+00:00,LM-86523645,existing,not_found,consecutive=1,,
2026-08-21T16:11:57+00:00,LM-86523597,existing,not_found,consecutive=1,,
2026-08-21T16:11:57+00:00,LM-86523592,existing,not_found,consecutive=1,,
2026-08-21T16:11:57+00:00,LM-86523640,existing,not_found,consecutive=1,,
2026-08-21T16:11:57+00:00,LM-86523648,existing,not_found,consecutive=1,,
2026-08-21T16:11:57+00:00,LM-86523632,existing,not_found,consecutive=1,,
2026-08-21T16:11:57+00:00,LM-86523637,existing,not_found,consecutive=1,,
2026-08-21T16:11:57+00:00,LM-64212365,existing,not_found,consecutive=1,,
2026-08-21T16:11:57+00:00,LM-86523634,existing,not_found,consecutive=1,,
2026-08-21T16:11:57+00:00,LM-70829332,existing,not_found,consecutive=1,,
2026-08-21T16:11:57+00:00,LM-82062435,existing,not_found,consecutive=1,,
2026-08-21T16:11:57+00:00,LM-70535640,existing,not_found,consecutive=1,,
2026-08-21T16:11:57+00:00,LM-86523647,existing,not_found,consecutive=1,,
2026-08-21T16:11:57+00:00,LM-86523650,existing,not_found,consecutive=1,,
2026-08-21T16:11:57+00:00,LM-70670985,existing,not_found,consecutive=1,,
2026-08-21T16:11:57+00:00,LM-70535696,existing,not_found,consecutive=1,,
2026-08-21T16:11:57+00:00,LM-67712456,existing,not_found,consecutive=1,,
2026-08-21T16:11:57+00:00,LM-67712463,existing,not_found,consecutive=1,,
2026-08-21T16:11:57+00:00,LM-67712442,existing,not_found,consecutive=1,,
2026-08-21T16:11:57+00:00,LM-67835775,existing,not_found,consecutive=1,,
2026-08-21T16:11:57+00:00,LM-67835824,existing,not_found,consecutive=1,,
2026-08-21T16:11:57+00:00,LM-91850376,existing,not_found,consecutive=1,,
2026-08-21T16:11:57+00:00,LM-82184787,existing,not_found,consecutive=1,,
2026-08-21T16:11:57+00:00,LM-91182226,existing,not_found,consecutive=1,,
2026-08-21T16:11:57+00:00,LM-82222857,existing,not_found,consecutive=1,,
2026-08-21T16:11:57+00:00,LM-82184784,existing,not_found,consecutive=1,,
2026-08-21T16:11:57+00:00,LM-82231896,existing,not_found,consecutive=1,,
2026-08-21T16:11:57+00:00,LM-91850375,existing,not_found,consecutive=1,,
2026-08-21T16:11:57+00:00,LM-82240553,existing,not_found,consecutive=1,,
2026-08-21T16:11:57+00:00,LM-82184779,existing,not_found,consecutive=1,,
2026-08-21T16:11:57+00:00,LM-82231864,existing,not_found,consecutive=1,,
2026-08-21T16:11:57+00:00,LM-86273382,existing,not_found,consecutive=1,,
2026-08-21T16:11:57+00:00,LM-82240552,existing,not_found,consecutive=1,,
2026-08-21T16:11:57+00:00,LM-86273304,existing,not_found,consecutive=1,,
2026-08-21T16:11:57+00:00,LM-96149080,existing,not_found,consecutive=1,,
2026-08-21T16:11:57+00:00,LM-88713230,existing,not_found,consecutive=1,,
2026-08-21T16:11:57+00:00,LM-88120691,existing,not_found,consecutive=1,,
2026-08-21T16:11:57+00:00,LM-88120696,existing,not_found,consecutive=1,,
2026-08-21T16:11:57+00:00,LM-88120682,existing,not_found,consecutive=1,,
2026-08-21T16:11:57+00:00,LM-88120681,existing,not_found,consecutive=1,,
2026-08-21T16:11:57+00:00,LM-88120686,existing,not_found,consecutive=1,,
2026-08-21T16:11:57+00:00,LM-88120698,existing,not_found,consecutive=1,,
2026-08-21T16:11:57+00:00,LM-88143176,existing,not_found,consecutive=1,,
2026-08-21T16:11:57+00:00,LM-96548381,existing,not_found,consecutive=1,,
2026-08-21T16:11:57+00:00,LM-88147216,existing,not_found,consecutive=1,,
2026-08-21T16:11:57+00:00,LM-88142316,existing,not_found,consecutive=1,,
2026-08-21T16:11:57+00:00,LM-88120702,existing,not_found,consecutive=1,,
2026-08-21T16:11:57+00:00,LM-88120708,existing,not_found,consecutive=1,,
2026-08-21T16:11:57+00:00,LM-80125449,existing,not_found,consecutive=1,,
2026-08-21T16:11:57+00:00,LM-80125445,existing,not_found,consecutive=1,,
2026-08-21T16:11:57+00:00,LM-69602946,existing,not_found,consecutive=1,,
2026-08-21T16:11:57+00:00,LM-60499782,existing,not_found,consecutive=1,,
2026-08-21T16:11:57+00:00,LM-80121079,existing,not_found,consecutive=1,,
2026-08-21T16:11:57+00:00,LM-80125451,existing,not_found,consecutive=1,,
2026-08-21T16:11:57+00:00,LM-60499761,existing,not_found,consecutive=1,,
2026-08-21T16:11:57+00:00,LM-89110075,existing,not_found,consecutive=1,,
2026-08-21T16:11:57+00:00,LM-82509557,existing,not_found,consecutive=1,,
2026-08-21T16:11:57+00:00,LM-80125279,existing,not_found,consecutive=1,,
2026-08-21T16:11:57+00:00,LM-80121101,existing,not_found,consecutive=1,,
2026-08-21T16:11:57+00:00,LM-80121102,existing,not_found,consecutive=1,,
2026-08-21T16:11:57+00:00,LM-80121094,existing,not_found,consecutive=1,,
2026-08-21T16:11:57+00:00,LM-80125446,existing,not_found,consecutive=1,,
2026-08-21T16:11:57+00:00,LM-82509558,existing,not_found,consecutive=1,,
2026-08-21T16:11:57+00:00,LM-80130316,existing,not_found,consecutive=1,,
2026-08-21T16:11:57+00:00,LM-80121040,existing,not_found,consecutive=1,,
2026-08-21T16:11:57+00:00,LM-80125281,existing,not_found,consecutive=1,,
2026-08-21T16:11:57+00:00,LM-80121093,existing,not_found,consecutive=1,,
2026-08-21T16:11:57+00:00,LM-80125504,existing,not_found,consecutive=1,,
2026-08-21T16:11:57+00:00,LM-80125477,existing,not_found,consecutive=1,,
2026-08-21T16:11:57+00:00,LM-80125476,existing,not_found,consecutive=1,,
2026-08-21T16:11:57+00:00,LM-80125459,existing,not_found,consecutive=1,,
2026-08-21T16:11:57+00:00,LM-84770249,existing,not_found,consecutive=1,,
2026-08-21T16:11:57+00:00,LM-80125464,existing,not_found,consecutive=1,,
2026-08-21T16:11:57+00:00,LM-80125468,existing,not_found,consecutive=1,,
2026-08-21T16:11:57+00:00,LM-80125455,existing,not_found,consecutive=1,,
2026-08-21T16:11:57+00:00,LM-80130300,existing,not_found,consecutive=1,,
2026-08-21T16:11:57+00:00,LM-80119273,existing,not_found,consecutive=1,,
2026-08-21T16:11:57+00:00,LM-80125473,existing,not_found,consecutive=1,,
2026-08-21T16:11:57+00:00,LM-80125452,existing,not_found,consecutive=1,,
2026-08-21T16:11:57+00:00,LM-80130309,existing,not_found,consecutive=1,,
2026-08-21T16:11:57+00:00,LM-84770247,existing,not_found,consecutive=1,,
2026-08-21T16:11:57+00:00,LM-80125474,existing,not_found,consecutive=1,,
2026-08-21T16:11:57+00:00,LM-70909783,existing,not_found,consecutive=1,,
2026-08-21T16:11:57+00:00,LM-84850980,existing,not_found,consecutive=1,,
2026-08-21T16:11:57+00:00,LM-84851102,existing,not_found,consecutive=1,,
2026-08-21T16:11:57+00:00,LM-84851051,existing,not_found,consecutive=1,,
2026-08-21T16:11:57+00:00,LM-91664555,existing,not_found,consecutive=1,,
2026-08-21T16:11:57+00:00,LM-84851110,existing,not_found,consecutive=1,,
2026-08-21T16:11:57+00:00,LM-84851104,existing,not_found,consecutive=1,,
2026-08-21T16:11:57+00:00,LM-84851106,existing,not_found,consecutive=1,,
2026-08-21T16:11:57+00:00,LM-94058080,existing,not_found,consecutive=1,,
2026-08-21T16:11:57+00:00,LM-84851093,existing,not_found,consecutive=1,,
2026-08-21T16:11:57+00:00,LM-84851047,existing,not_found,consecutive=1,,
2026-08-21T16:11:57+00:00,LM-81962491,existing,not_found,consecutive=1,,
2026-08-21T16:11:57+00:00,LM-91779057,existing,not_found,consecutive=1,,
2026-08-21T16:11:57+00:00,LM-83831912,existing,not_found,consecutive=1,,
2026-08-21T16:11:57+00:00,LM-84851098,existing,not_found,consecutive=1,,
2026-08-21T16:11:57+00:00,LM-84850965,existing,not_found,consecutive=1,,
2026-08-21T16:11:57+00:00,LM-84850970,existing,not_found,consecutive=1,,
2026-08-21T16:11:57+00:00,LM-84850986,existing,not_found,consecutive=1,,
2026-08-21T16:11:57+00:00,LM-84851060,existing,not_found,consecutive=1,,
2026-08-21T16:11:57+00:00,LM-91664557,existing,not_found,consecutive=1,,
2026-08-21T16:11:57+00:00,LM-91664562,existing,not_found,consecutive=1,,
2026-08-21T16:11:57+00:00,LM-95653209,existing,not_found,consecutive=1,,
2026-08-21T16:11:57+00:00,LM-84850972,existing,not_found,consecutive=1,,
