SKU,status,product_url,source_image_url,hosted_image_url,error
LM-13783,invalid_ref,,,,no 8-digit reference
LM-13825,invalid_ref,,,,no 8-digit reference
LM-14458542,image_not_found,,,,no image found by reference
LM-17235386,image_not_found,,,,no image found by reference
LM-17860864,image_not_found,,,,no image found by reference
LM-19095790,image_not_found,,,,no image found by reference
LM-35737030,image_not_found,,,,no image found by reference
LM-35763784,image_not_found,,,,no image found by reference
LM-4040855,invalid_ref,,,,no 8-digit reference
LM-4040862,invalid_ref,,,,no 8-digit reference
LM-4040876,invalid_ref,,,,no 8-digit reference
LM-4040883,invalid_ref,,,,no 8-digit reference
LM-437024,invalid_ref,,,,no 8-digit reference
LM-53110442,image_not_found,,,,no image found by reference
LM-53132184,image_not_found,,,,no image found by reference
LM-53162970,image_not_found,,,,no image found by reference
LM-56031360,image_not_found,,,,no image found by reference
LM-56031416,image_not_found,,,,no image found by reference
LM-56031451,image_not_found,,,,no image found by reference
LM-56031465,image_not_found,,,,no image found by reference
LM-56031633,image_not_found,,,,no image found by reference
LM-56031675,image_not_found,,,,no image found by reference
LM-56031724,image_not_found,,,,no image found by reference
LM-56031745,image_not_found,,,,no image found by reference
LM-56032494,image_not_found,,,,no image found by reference
LM-56032501,image_not_found,,,,no image found by reference
LM-56032543,image_not_found,,,,no image found by reference
LM-56032550,image_not_found,,,,no image found by reference
LM-56032564,image_not_found,,,,no image found by reference
LM-56174965,image_not_found,,,,no image found by reference
LM-56175063,image_not_found,,,,no image found by reference
LM-56175091,image_not_found,,,,no image found by reference
LM-56175231,image_not_found,,,,no image found by reference
LM-56178815,image_not_found,,,,no image found by reference
LM-56178836,image_not_found,,,,no image found by reference
LM-56178871,image_not_found,,,,no image found by reference
LM-56178976,image_not_found,,,,no image found by reference
LM-60018595,image_not_found,,,,no image found by reference
LM-60018602,image_not_found,,,,no image found by reference
LM-60018616,image_not_found,,,,no image found by reference
LM-60018623,image_not_found,,,,no image found by reference
LM-60499761,image_not_found,,,,no image found by reference
LM-60499782,image_not_found,,,,no image found by reference
LM-60655231,image_not_found,,,,no image found by reference
LM-61367971,image_not_found,,,,no image found by reference
LM-61368006,image_not_found,,,,no image found by reference
LM-6150123,invalid_ref,,,,no 8-digit reference
LM-61564545,image_not_found,,,,no image found by reference
LM-61564573,image_not_found,,,,no image found by reference
LM-61633663,image_not_found,,,,no image found by reference
LM-61647075,image_not_found,,,,no image found by reference
LM-62227774,image_not_found,,,,no image found by reference
LM-62227781,image_not_found,,,,no image found by reference
LM-62227900,image_not_found,,,,no image found by reference
LM-62227921,image_not_found,,,,no image found by reference
LM-62227956,image_not_found,,,,no image found by reference
LM-62675683,image_not_found,,,,no image found by reference
LM-62676026,image_not_found,,,,no image found by reference
LM-62900131,image_not_found,,,,no image found by reference
LM-62900236,image_not_found,,,,no image found by reference
LM-62900355,image_not_found,,,,no image found by reference
LM-62900481,image_not_found,,,,no image found by reference
LM-62900733,image_not_found,,,,no image found by reference
LM-62900873,image_not_found,,,,no image found by reference
LM-63024780,image_not_found,,,,no image found by reference
LM-63064624,image_not_found,,,,no image found by reference
LM-63064680,image_not_found,,,,no image found by reference
LM-63064715,image_not_found,,,,no image found by reference
LM-63064722,image_not_found,,,,no image found by reference
LM-63064750,image_not_found,,,,no image found by reference
LM-63245672,image_not_found,,,,no image found by reference
LM-63278516,image_not_found,,,,no image found by reference
LM-63278656,image_not_found,,,,no image found by reference
LM-63278754,image_not_found,,,,no image found by reference
LM-63278761,image_not_found,,,,no image found by reference
LM-63278782,image_not_found,,,,no image found by reference
LM-63278831,image_not_found,,,,no image found by reference
LM-63279622,image_not_found,,,,no image found by reference
LM-63279664,image_not_found,,,,no image found by reference
LM-63279671,image_not_found,,,,no image found by reference
LM-63279720,image_not_found,,,,no image found by reference
LM-63282184,image_not_found,,,,no image found by reference
LM-63283395,image_not_found,,,,no image found by reference
LM-63580881,image_not_found,,,,no image found by reference
LM-63937636,image_not_found,,,,no image found by reference
LM-63937643,image_not_found,,,,no image found by reference
LM-63937762,image_not_found,,,,no image found by reference
LM-64212365,image_not_found,,,,no image found by reference
LM-64249626,image_not_found,,,,no image found by reference
LM-64923936,image_not_found,,,,no image found by reference
LM-64931454,image_not_found,,,,no image found by reference
LM-65104431,image_not_found,,,,no image found by reference
LM-65175173,image_not_found,,,,no image found by reference
LM-65331560,image_not_found,,,,no image found by reference
LM-65544724,image_not_found,,,,no image found by reference
LM-65562490,image_not_found,,,,no image found by reference
LM-65764923,image_not_found,,,,no image found by reference
LM-66090913,image_not_found,,,,no image found by reference
LM-66271933,image_not_found,,,,no image found by reference
LM-66272031,image_not_found,,,,no image found by reference
LM-66272136,image_not_found,,,,no image found by reference
LM-66272171,image_not_found,,,,no image found by reference
LM-66272234,image_not_found,,,,no image found by reference
LM-66272311,image_not_found,,,,no image found by reference
LM-66272346,image_not_found,,,,no image found by reference
LM-66371711,image_not_found,,,,no image found by reference
LM-66443720,image_not_found,,,,no image found by reference
LM-66443790,image_not_found,,,,no image found by reference
LM-66443902,image_not_found,,,,no image found by reference
LM-66450244,image_not_found,,,,no image found by reference
LM-66455340,image_not_found,,,,no image found by reference
LM-66473694,image_not_found,,,,no image found by reference
LM-66473701,image_not_found,,,,no image found by reference
LM-66473715,image_not_found,,,,no image found by reference
LM-66473722,image_not_found,,,,no image found by reference
LM-66539333,image_not_found,,,,no image found by reference
LM-66540250,image_not_found,,,,no image found by reference
LM-66540264,image_not_found,,,,no image found by reference
LM-66576853,image_not_found,,,,no image found by reference
LM-66639664,image_not_found,,,,no image found by reference
LM-66738511,image_not_found,,,,no image found by reference
LM-66738532,image_not_found,,,,no image found by reference
LM-66738553,image_not_found,,,,no image found by reference
LM-66762724,image_not_found,,,,no image found by reference
LM-66889753,image_not_found,,,,no image found by reference
LM-66930612,image_not_found,,,,no image found by reference
LM-66930633,image_not_found,,,,no image found by reference
LM-66930640,image_not_found,,,,no image found by reference
LM-66930675,image_not_found,,,,no image found by reference
LM-66930682,image_not_found,,,,no image found by reference
LM-66930794,image_not_found,,,,no image found by reference
LM-66930801,image_not_found,,,,no image found by reference
LM-66930913,image_not_found,,,,no image found by reference
LM-66930990,image_not_found,,,,no image found by reference
LM-66931004,image_not_found,,,,no image found by reference
LM-66931011,image_not_found,,,,no image found by reference
LM-66931025,image_not_found,,,,no image found by reference
LM-66931053,image_not_found,,,,no image found by reference
LM-66931151,image_not_found,,,,no image found by reference
LM-66931165,image_not_found,,,,no image found by reference
LM-66931200,image_not_found,,,,no image found by reference
LM-66931214,image_not_found,,,,no image found by reference
LM-66931221,image_not_found,,,,no image found by reference
LM-66931284,image_not_found,,,,no image found by reference
LM-66931340,image_not_found,,,,no image found by reference
LM-66931382,image_not_found,,,,no image found by reference
LM-66931403,image_not_found,,,,no image found by reference
LM-66931410,image_not_found,,,,no image found by reference
LM-66931424,image_not_found,,,,no image found by reference
LM-66931431,image_not_found,,,,no image found by reference
LM-66931445,image_not_found,,,,no image found by reference
LM-66931522,image_not_found,,,,no image found by reference
LM-66931536,image_not_found,,,,no image found by reference
LM-66931620,image_not_found,,,,no image found by reference
LM-66931655,image_not_found,,,,no image found by reference
LM-66931732,image_not_found,,,,no image found by reference
LM-66931746,image_not_found,,,,no image found by reference
LM-66931753,image_not_found,,,,no image found by reference
LM-66931760,image_not_found,,,,no image found by reference
LM-66931774,image_not_found,,,,no image found by reference
LM-66931781,image_not_found,,,,no image found by reference
LM-66931795,image_not_found,,,,no image found by reference
LM-66932061,image_not_found,,,,no image found by reference
LM-66957751,image_not_found,,,,no image found by reference
LM-66957765,image_not_found,,,,no image found by reference
LM-66971275,image_not_found,,,,no image found by reference
LM-67002054,image_not_found,,,,no image found by reference
LM-67005211,image_not_found,,,,no image found by reference
LM-67005281,image_not_found,,,,no image found by reference
LM-67005295,image_not_found,,,,no image found by reference
LM-67005351,image_not_found,,,,no image found by reference
LM-67005365,image_not_found,,,,no image found by reference
LM-67005372,image_not_found,,,,no image found by reference
LM-67005386,image_not_found,,,,no image found by reference
LM-67005400,image_not_found,,,,no image found by reference
LM-67005603,image_not_found,,,,no image found by reference
LM-67005610,image_not_found,,,,no image found by reference
LM-67005764,image_not_found,,,,no image found by reference
LM-67005813,image_not_found,,,,no image found by reference
LM-67005855,image_not_found,,,,no image found by reference
LM-67006233,image_not_found,,,,no image found by reference
LM-67006296,image_not_found,,,,no image found by reference
LM-67006331,image_not_found,,,,no image found by reference
LM-67006471,image_not_found,,,,no image found by reference
LM-67006576,image_not_found,,,,no image found by reference
LM-67006681,image_not_found,,,,no image found by reference
LM-67006751,image_not_found,,,,no image found by reference
LM-67007080,image_not_found,,,,no image found by reference
LM-67007192,image_not_found,,,,no image found by reference
LM-67012701,image_not_found,,,,no image found by reference
LM-67012736,image_not_found,,,,no image found by reference
LM-67012785,image_not_found,,,,no image found by reference
LM-67012806,image_not_found,,,,no image found by reference
LM-67012820,image_not_found,,,,no image found by reference
LM-67012960,image_not_found,,,,no image found by reference
LM-67013002,image_not_found,,,,no image found by reference
LM-67013030,image_not_found,,,,no image found by reference
LM-67013191,image_not_found,,,,no image found by reference
LM-67013212,image_not_found,,,,no image found by reference
LM-67013254,image_not_found,,,,no image found by reference
LM-67013282,image_not_found,,,,no image found by reference
LM-67013653,image_not_found,,,,no image found by reference
LM-67013730,image_not_found,,,,no image found by reference
LM-67013835,image_not_found,,,,no image found by reference
LM-67013863,image_not_found,,,,no image found by reference
LM-67013870,image_not_found,,,,no image found by reference
LM-67014024,image_not_found,,,,no image found by reference
LM-67014031,image_not_found,,,,no image found by reference
LM-67014353,image_not_found,,,,no image found by reference
LM-67014430,image_not_found,,,,no image found by reference
LM-67014472,image_not_found,,,,no image found by reference
LM-67014493,image_not_found,,,,no image found by reference
LM-67014514,image_not_found,,,,no image found by reference
LM-67014591,image_not_found,,,,no image found by reference
LM-67014731,image_not_found,,,,no image found by reference
LM-67014801,image_not_found,,,,no image found by reference
LM-67015074,image_not_found,,,,no image found by reference
LM-67159554,image_not_found,,,,no image found by reference
LM-67159596,image_not_found,,,,no image found by reference
LM-67159624,image_not_found,,,,no image found by reference
LM-67160205,image_not_found,,,,no image found by reference
LM-67160212,image_not_found,,,,no image found by reference
LM-67160233,image_not_found,,,,no image found by reference
LM-67160303,image_not_found,,,,no image found by reference
LM-67160366,image_not_found,,,,no image found by reference
LM-67160373,image_not_found,,,,no image found by reference
LM-67160443,image_not_found,,,,no image found by reference
LM-67160485,image_not_found,,,,no image found by reference
LM-67160534,image_not_found,,,,no image found by reference
LM-67160541,image_not_found,,,,no image found by reference
LM-67160583,image_not_found,,,,no image found by reference
LM-67160611,image_not_found,,,,no image found by reference
LM-67183151,image_not_found,,,,no image found by reference
LM-67429306,image_not_found,,,,no image found by reference
LM-67442375,image_not_found,,,,no image found by reference
LM-67442396,image_not_found,,,,no image found by reference
LM-67442403,image_not_found,,,,no image found by reference
LM-67553920,image_not_found,,,,no image found by reference
LM-67553934,image_not_found,,,,no image found by reference
LM-67554606,image_not_found,,,,no image found by reference
LM-67554711,image_not_found,,,,no image found by reference
LM-67554935,image_not_found,,,,no image found by reference
LM-67554956,image_not_found,,,,no image found by reference
LM-67554970,image_not_found,,,,no image found by reference
LM-67594961,image_not_found,,,,no image found by reference
LM-67610144,image_not_found,,,,no image found by reference
LM-67630556,image_not_found,,,,no image found by reference
LM-67637906,image_not_found,,,,no image found by reference
LM-67638991,image_not_found,,,,no image found by reference
LM-67712302,image_not_found,,,,no image found by reference
LM-67712330,image_not_found,,,,no image found by reference
LM-67712372,image_not_found,,,,no image found by reference
LM-67712393,image_not_found,,,,no image found by reference
LM-67712400,image_not_found,,,,no image found by reference
LM-67712414,image_not_found,,,,no image found by reference
LM-67712421,image_not_found,,,,no image found by reference
LM-67712435,image_not_found,,,,no image found by reference
LM-67712442,image_not_found,,,,no image found by reference
LM-67712463,image_not_found,,,,no image found by reference
LM-67712512,image_not_found,,,,no image found by reference
LM-67712526,image_not_found,,,,no image found by reference
LM-67712533,image_not_found,,,,no image found by reference
LM-67764186,image_not_found,,,,no image found by reference
LM-67798892,image_not_found,,,,no image found by reference
LM-67798934,image_not_found,,,,no image found by reference
LM-67833724,image_not_found,,,,no image found by reference
LM-67833745,image_not_found,,,,no image found by reference
LM-67833752,image_not_found,,,,no image found by reference
LM-67833766,image_not_found,,,,no image found by reference
LM-67835775,image_not_found,,,,no image found by reference
LM-67835796,image_not_found,,,,no image found by reference
LM-67835803,image_not_found,,,,no image found by reference
LM-67835824,image_not_found,,,,no image found by reference
LM-67875304,image_not_found,,,,no image found by reference
LM-68060006,image_not_found,,,,no image found by reference
LM-68253654,image_not_found,,,,no image found by reference
LM-68253696,image_not_found,,,,no image found by reference
LM-68256454,image_not_found,,,,no image found by reference
LM-68258211,image_not_found,,,,no image found by reference
LM-68398883,image_not_found,,,,no image found by reference
LM-68398946,image_not_found,,,,no image found by reference
LM-68398953,image_not_found,,,,no image found by reference
LM-68398981,image_not_found,,,,no image found by reference
LM-68399072,image_not_found,,,,no image found by reference
LM-68449955,image_not_found,,,,no image found by reference
LM-68480636,image_not_found,,,,no image found by reference
LM-68530966,image_not_found,,,,no image found by reference
LM-68531015,image_not_found,,,,no image found by reference
LM-68531022,image_not_found,,,,no image found by reference
LM-68532464,image_not_found,,,,no image found by reference
LM-68533486,image_not_found,,,,no image found by reference
LM-68534144,image_not_found,,,,no image found by reference
LM-68534151,image_not_found,,,,no image found by reference
LM-68534165,image_not_found,,,,no image found by reference
LM-68534172,image_not_found,,,,no image found by reference
LM-68534186,image_not_found,,,,no image found by reference
LM-68534312,image_not_found,,,,no image found by reference
LM-68534522,image_not_found,,,,no image found by reference
LM-68534543,image_not_found,,,,no image found by reference
LM-68534550,image_not_found,,,,no image found by reference
LM-68534564,image_not_found,,,,no image found by reference
LM-68534585,image_not_found,,,,no image found by reference
LM-68534592,image_not_found,,,,no image found by reference
LM-68534606,image_not_found,,,,no image found by reference
LM-68534613,image_not_found,,,,no image found by reference
LM-68534620,image_not_found,,,,no image found by reference
LM-68534823,image_not_found,,,,no image found by reference
LM-68534865,image_not_found,,,,no image found by reference
LM-68535166,image_not_found,,,,no image found by reference
LM-68536545,image_not_found,,,,no image found by reference
LM-68536650,image_not_found,,,,no image found by reference
LM-68536664,image_not_found,,,,no image found by reference
LM-68536825,image_not_found,,,,no image found by reference
LM-68537546,image_not_found,,,,no image found by reference
LM-68537553,image_not_found,,,,no image found by reference
LM-68537735,image_not_found,,,,no image found by reference
LM-68537763,image_not_found,,,,no image found by reference
LM-68537812,image_not_found,,,,no image found by reference
LM-68537833,image_not_found,,,,no image found by reference
LM-68537840,image_not_found,,,,no image found by reference
LM-68537903,image_not_found,,,,no image found by reference
LM-68537910,image_not_found,,,,no image found by reference
LM-68537924,image_not_found,,,,no image found by reference
LM-68537931,image_not_found,,,,no image found by reference
LM-68537952,image_not_found,,,,no image found by reference
LM-68537973,image_not_found,,,,no image found by reference
LM-68537980,image_not_found,,,,no image found by reference
LM-68538162,image_not_found,,,,no image found by reference
LM-68538596,image_not_found,,,,no image found by reference
LM-68538743,image_not_found,,,,no image found by reference
LM-68538750,image_not_found,,,,no image found by reference
LM-68538771,image_not_found,,,,no image found by reference
LM-68538785,image_not_found,,,,no image found by reference
LM-68540486,image_not_found,,,,no image found by reference
LM-68540514,image_not_found,,,,no image found by reference
LM-68553681,image_not_found,,,,no image found by reference
LM-68563425,image_not_found,,,,no image found by reference
LM-68610101,image_not_found,,,,no image found by reference
LM-68618025,image_not_found,,,,no image found by reference
LM-68642245,image_not_found,,,,no image found by reference
LM-68883325,image_not_found,,,,no image found by reference
LM-68913173,image_not_found,,,,no image found by reference
LM-68944106,image_not_found,,,,no image found by reference
LM-69051871,image_not_found,,,,no image found by reference
LM-69150011,image_not_found,,,,no image found by reference
LM-69188630,image_not_found,,,,no image found by reference
LM-69191521,image_not_found,,,,no image found by reference
LM-69191535,image_not_found,,,,no image found by reference
LM-69191542,image_not_found,,,,no image found by reference
LM-69191556,image_not_found,,,,no image found by reference
LM-69191570,image_not_found,,,,no image found by reference
LM-69205423,image_not_found,,,,no image found by reference
LM-69205465,image_not_found,,,,no image found by reference
LM-69205556,image_not_found,,,,no image found by reference
LM-69331584,image_not_found,,,,no image found by reference
LM-69389796,image_not_found,,,,no image found by reference
LM-69415262,image_not_found,,,,no image found by reference
LM-69466712,image_not_found,,,,no image found by reference
LM-69489434,image_not_found,,,,no image found by reference
LM-69529432,image_not_found,,,,no image found by reference
LM-69576633,image_not_found,,,,no image found by reference
LM-69600923,image_not_found,,,,no image found by reference
LM-69600944,image_not_found,,,,no image found by reference
LM-69600951,image_not_found,,,,no image found by reference
LM-69600972,image_not_found,,,,no image found by reference
LM-69600993,image_not_found,,,,no image found by reference
LM-69601000,image_not_found,,,,no image found by reference
LM-69601021,image_not_found,,,,no image found by reference
LM-69601035,image_not_found,,,,no image found by reference
LM-69601042,image_not_found,,,,no image found by reference
LM-69601063,image_not_found,,,,no image found by reference
LM-69601070,image_not_found,,,,no image found by reference
LM-69601091,image_not_found,,,,no image found by reference
LM-69602946,image_not_found,,,,no image found by reference
LM-69624373,image_not_found,,,,no image found by reference
LM-69645352,image_not_found,,,,no image found by reference
LM-69645366,image_not_found,,,,no image found by reference
LM-69652975,image_not_found,,,,no image found by reference
LM-69704131,image_not_found,,,,no image found by reference
LM-69858684,image_not_found,,,,no image found by reference
LM-69870675,image_not_found,,,,no image found by reference
LM-69955242,image_not_found,,,,no image found by reference
LM-69962781,image_not_found,,,,no image found by reference
LM-69962795,image_not_found,,,,no image found by reference
LM-69962991,image_not_found,,,,no image found by reference
LM-69963075,image_not_found,,,,no image found by reference
LM-69963096,image_not_found,,,,no image found by reference
LM-69963110,image_not_found,,,,no image found by reference
LM-69963131,image_not_found,,,,no image found by reference
LM-69963166,image_not_found,,,,no image found by reference
LM-69963180,image_not_found,,,,no image found by reference
LM-69963215,image_not_found,,,,no image found by reference
LM-69999020,image_not_found,,,,no image found by reference
LM-70027832,image_not_found,,,,no image found by reference
LM-70027972,image_not_found,,,,no image found by reference
LM-70027993,image_not_found,,,,no image found by reference
LM-70028063,image_not_found,,,,no image found by reference
LM-70028070,image_not_found,,,,no image found by reference
LM-70028161,image_not_found,,,,no image found by reference
LM-70028182,image_not_found,,,,no image found by reference
LM-70028203,image_not_found,,,,no image found by reference
LM-70028224,image_not_found,,,,no image found by reference
LM-70028231,image_not_found,,,,no image found by reference
LM-70028252,image_not_found,,,,no image found by reference
LM-70028280,image_not_found,,,,no image found by reference
LM-70028301,image_not_found,,,,no image found by reference
LM-70028322,image_not_found,,,,no image found by reference
LM-70028336,image_not_found,,,,no image found by reference
LM-70028364,image_not_found,,,,no image found by reference
LM-70028392,image_not_found,,,,no image found by reference
LM-70028441,image_not_found,,,,no image found by reference
LM-70028462,image_not_found,,,,no image found by reference
LM-70028483,image_not_found,,,,no image found by reference
LM-70028490,image_not_found,,,,no image found by reference
LM-70028525,image_not_found,,,,no image found by reference
LM-70028553,image_not_found,,,,no image found by reference
LM-70028560,image_not_found,,,,no image found by reference
LM-70028574,image_not_found,,,,no image found by reference
LM-70028581,image_not_found,,,,no image found by reference
LM-70028623,image_not_found,,,,no image found by reference
LM-70028630,image_not_found,,,,no image found by reference
LM-70028714,image_not_found,,,,no image found by reference
LM-70028784,image_not_found,,,,no image found by reference
LM-70028931,image_not_found,,,,no image found by reference
LM-70028952,image_not_found,,,,no image found by reference
LM-70052654,image_not_found,,,,no image found by reference
LM-70076286,image_not_found,,,,no image found by reference
LM-70174433,image_not_found,,,,no image found by reference
LM-70182721,image_not_found,,,,no image found by reference
LM-70207410,image_not_found,,,,no image found by reference
LM-70207732,image_not_found,,,,no image found by reference
LM-70207865,image_not_found,,,,no image found by reference
LM-70221550,image_not_found,,,,no image found by reference
LM-70243082,image_not_found,,,,no image found by reference
LM-70246813,image_not_found,,,,no image found by reference
LM-70257453,image_not_found,,,,no image found by reference
LM-70280455,image_not_found,,,,no image found by reference
LM-70348341,image_not_found,,,,no image found by reference
LM-70348355,image_not_found,,,,no image found by reference
LM-70350266,image_not_found,,,,no image found by reference
LM-70350301,image_not_found,,,,no image found by reference
LM-70350343,image_not_found,,,,no image found by reference
LM-70398545,image_not_found,,,,no image found by reference
LM-70398552,image_not_found,,,,no image found by reference
LM-70398566,image_not_found,,,,no image found by reference
LM-70398580,image_not_found,,,,no image found by reference
LM-70398594,image_not_found,,,,no image found by reference
LM-70398601,image_not_found,,,,no image found by reference
LM-70399224,image_not_found,,,,no image found by reference
LM-70413784,image_not_found,,,,no image found by reference
LM-70413791,image_not_found,,,,no image found by reference
LM-70499625,image_not_found,,,,no image found by reference
LM-70511602,image_not_found,,,,no image found by reference
LM-70535640,image_not_found,,,,no image found by reference
LM-70535696,image_not_found,,,,no image found by reference
LM-70612052,image_not_found,,,,no image found by reference
LM-70620151,image_not_found,,,,no image found by reference
LM-70620172,image_not_found,,,,no image found by reference
LM-70620242,image_not_found,,,,no image found by reference
LM-70620473,image_not_found,,,,no image found by reference
LM-70620522,image_not_found,,,,no image found by reference
LM-70620536,image_not_found,,,,no image found by reference
LM-70620571,image_not_found,,,,no image found by reference
LM-70620732,image_not_found,,,,no image found by reference
LM-70661115,image_not_found,,,,no image found by reference
LM-70661122,image_not_found,,,,no image found by reference
LM-70661136,image_not_found,,,,no image found by reference
LM-70661143,image_not_found,,,,no image found by reference
LM-70661150,image_not_found,,,,no image found by reference
LM-70670404,image_not_found,,,,no image found by reference
LM-70670985,image_not_found,,,,no image found by reference
LM-70753382,image_not_found,,,,no image found by reference
LM-70753396,image_not_found,,,,no image found by reference
LM-70753403,image_not_found,,,,no image found by reference
LM-70753410,image_not_found,,,,no image found by reference
LM-70768726,image_not_found,,,,no image found by reference
LM-70768740,image_not_found,,,,no image found by reference
LM-70768775,image_not_found,,,,no image found by reference
LM-70768810,image_not_found,,,,no image found by reference
LM-70768845,image_not_found,,,,no image found by reference
LM-70768866,image_not_found,,,,no image found by reference
LM-70770161,image_not_found,,,,no image found by reference
LM-70808703,image_not_found,,,,no image found by reference
LM-70808710,image_not_found,,,,no image found by reference
LM-70808766,image_not_found,,,,no image found by reference
LM-70808773,image_not_found,,,,no image found by reference
LM-70808843,image_not_found,,,,no image found by reference
LM-70808850,image_not_found,,,,no image found by reference
LM-70808871,image_not_found,,,,no image found by reference
LM-70808892,image_not_found,,,,no image found by reference
LM-70808941,image_not_found,,,,no image found by reference
LM-70809004,image_not_found,,,,no image found by reference
LM-70809011,image_not_found,,,,no image found by reference
LM-70809046,image_not_found,,,,no image found by reference
LM-70809060,image_not_found,,,,no image found by reference
LM-70809074,image_not_found,,,,no image found by reference
LM-70811972,image_not_found,,,,no image found by reference
LM-70811993,image_not_found,,,,no image found by reference
LM-70812021,image_not_found,,,,no image found by reference
LM-70812035,image_not_found,,,,no image found by reference
LM-70812042,image_not_found,,,,no image found by reference
LM-70812056,image_not_found,,,,no image found by reference
LM-70812063,image_not_found,,,,no image found by reference
LM-70812084,image_not_found,,,,no image found by reference
LM-70812091,image_not_found,,,,no image found by reference
LM-70812105,image_not_found,,,,no image found by reference
LM-70812112,image_not_found,,,,no image found by reference
LM-70812126,image_not_found,,,,no image found by reference
LM-70812133,image_not_found,,,,no image found by reference
LM-70812140,image_not_found,,,,no image found by reference
LM-70812161,image_not_found,,,,no image found by reference
LM-70812182,image_not_found,,,,no image found by reference
LM-70812196,image_not_found,,,,no image found by reference
LM-70812224,image_not_found,,,,no image found by reference
LM-70812245,image_not_found,,,,no image found by reference
LM-70812252,image_not_found,,,,no image found by reference
LM-70812266,image_not_found,,,,no image found by reference
LM-70812273,image_not_found,,,,no image found by reference
LM-70812280,image_not_found,,,,no image found by reference
LM-70812294,image_not_found,,,,no image found by reference
LM-70812301,image_not_found,,,,no image found by reference
LM-70812322,image_not_found,,,,no image found by reference
LM-70812336,image_not_found,,,,no image found by reference
LM-70829332,image_not_found,,,,no image found by reference
LM-70854861,image_not_found,,,,no image found by reference
LM-70870905,image_not_found,,,,no image found by reference
LM-70870926,image_not_found,,,,no image found by reference
LM-70871241,image_not_found,,,,no image found by reference
LM-70909762,image_not_found,,,,no image found by reference
LM-70909783,image_not_found,,,,no image found by reference
LM-70909811,image_not_found,,,,no image found by reference
LM-70921130,image_not_found,,,,no image found by reference
LM-70966154,image_not_found,,,,no image found by reference
LM-72598036,image_not_found,,,,no image found by reference
LM-73031595,image_not_found,,,,no image found by reference
LM-73031672,image_not_found,,,,no image found by reference
LM-73031784,image_not_found,,,,no image found by reference
LM-73031791,image_not_found,,,,no image found by reference
LM-73064222,image_not_found,,,,no image found by reference
LM-73081904,image_not_found,,,,no image found by reference
LM-73205006,image_not_found,,,,no image found by reference
LM-73720521,image_not_found,,,,no image found by reference
LM-73733590,image_not_found,,,,no image found by reference
LM-73733646,image_not_found,,,,no image found by reference
LM-747453,invalid_ref,,,,no 8-digit reference
LM-75498150,image_not_found,,,,no image found by reference
LM-75598306,image_not_found,,,,no image found by reference
LM-75810595,image_not_found,,,,no image found by reference
LM-76410670,image_not_found,,,,no image found by reference
LM-76932254,image_not_found,,,,no image found by reference
LM-77260190,image_not_found,,,,no image found by reference
LM-77676263,image_not_found,,,,no image found by reference
LM-77676270,image_not_found,,,,no image found by reference
LM-77676410,image_not_found,,,,no image found by reference
LM-77676424,image_not_found,,,,no image found by reference
LM-77676431,image_not_found,,,,no image found by reference
LM-77676564,image_not_found,,,,no image found by reference
LM-77676816,image_not_found,,,,no image found by reference
LM-77676830,image_not_found,,,,no image found by reference
LM-77676942,image_not_found,,,,no image found by reference
LM-77677005,image_not_found,,,,no image found by reference
LM-77677012,image_not_found,,,,no image found by reference
LM-77953386,image_not_found,,,,no image found by reference
LM-78923893,image_not_found,,,,no image found by reference
LM-78923895,image_not_found,,,,no image found by reference
LM-791882,invalid_ref,,,,no 8-digit reference
LM-79520063,image_not_found,,,,no image found by reference
LM-79520084,image_not_found,,,,no image found by reference
LM-79678746,image_not_found,,,,no image found by reference
LM-79793504,image_not_found,,,,no image found by reference
LM-79917796,image_not_found,,,,no image found by reference
LM-79917803,image_not_found,,,,no image found by reference
LM-79917810,image_not_found,,,,no image found by reference
LM-80104780,image_not_found,,,,no image found by reference
LM-80119273,image_not_found,,,,no image found by reference
LM-80121040,image_not_found,,,,no image found by reference
LM-80121079,image_not_found,,,,no image found by reference
LM-80121093,image_not_found,,,,no image found by reference
LM-80121094,image_not_found,,,,no image found by reference
LM-80121101,image_not_found,,,,no image found by reference
LM-80121102,image_not_found,,,,no image found by reference
LM-80121181,image_not_found,,,,no image found by reference
LM-80121185,image_not_found,,,,no image found by reference
LM-80121188,image_not_found,,,,no image found by reference
LM-80121261,image_not_found,,,,no image found by reference
LM-80121262,image_not_found,,,,no image found by reference
LM-80121263,image_not_found,,,,no image found by reference
LM-80121264,image_not_found,,,,no image found by reference
LM-80121265,image_not_found,,,,no image found by reference
LM-80121303,image_not_found,,,,no image found by reference
LM-80121304,image_not_found,,,,no image found by reference
LM-80121305,image_not_found,,,,no image found by reference
LM-80121306,image_not_found,,,,no image found by reference
LM-80125274,image_not_found,,,,no image found by reference
LM-80125279,image_not_found,,,,no image found by reference
LM-80125280,image_not_found,,,,no image found by reference
LM-80125281,image_not_found,,,,no image found by reference
LM-80125282,image_not_found,,,,no image found by reference
LM-80125283,image_not_found,,,,no image found by reference
LM-80125285,image_not_found,,,,no image found by reference
LM-80125286,image_not_found,,,,no image found by reference
LM-80125287,image_not_found,,,,no image found by reference
LM-80125288,image_not_found,,,,no image found by reference
LM-80125289,image_not_found,,,,no image found by reference
LM-80125290,image_not_found,,,,no image found by reference
LM-80125396,image_not_found,,,,no image found by reference
LM-80125445,image_not_found,,,,no image found by reference
LM-80125446,image_not_found,,,,no image found by reference
LM-80125449,image_not_found,,,,no image found by reference
LM-80125451,image_not_found,,,,no image found by reference
LM-80125452,image_not_found,,,,no image found by reference
LM-80125454,image_not_found,,,,no image found by reference
LM-80125455,image_not_found,,,,no image found by reference
LM-80125459,image_not_found,,,,no image found by reference
LM-80125462,image_not_found,,,,no image found by reference
LM-80125464,image_not_found,,,,no image found by reference
LM-80125466,image_not_found,,,,no image found by reference
LM-80125468,image_not_found,,,,no image found by reference
LM-80125469,image_not_found,,,,no image found by reference
LM-80125473,image_not_found,,,,no image found by reference
LM-80125474,image_not_found,,,,no image found by reference
LM-80125476,image_not_found,,,,no image found by reference
LM-80125477,image_not_found,,,,no image found by reference
LM-80125478,image_not_found,,,,no image found by reference
LM-80125482,image_not_found,,,,no image found by reference
LM-80125487,image_not_found,,,,no image found by reference
LM-80125491,image_not_found,,,,no image found by reference
LM-80125492,image_not_found,,,,no image found by reference
LM-80125495,image_not_found,,,,no image found by reference
LM-80125496,image_not_found,,,,no image found by reference
LM-80125502,image_not_found,,,,no image found by reference
LM-80125504,image_not_found,,,,no image found by reference
LM-80125506,image_not_found,,,,no image found by reference
LM-80125510,image_not_found,,,,no image found by reference
LM-80125512,image_not_found,,,,no image found by reference
LM-80125513,image_not_found,,,,no image found by reference
LM-80126306,image_not_found,,,,no image found by reference
LM-80126484,image_not_found,,,,no image found by reference
LM-80126495,image_not_found,,,,no image found by reference
LM-80126912,image_not_found,,,,no image found by reference
LM-80127296,image_not_found,,,,no image found by reference
LM-80127312,image_not_found,,,,no image found by reference
LM-80127313,image_not_found,,,,no image found by reference
LM-80127318,image_not_found,,,,no image found by reference
LM-80127319,image_not_found,,,,no image found by reference
LM-80127323,image_not_found,,,,no image found by reference
LM-80127325,image_not_found,,,,no image found by reference
LM-80127326,image_not_found,,,,no image found by reference
LM-80127328,image_not_found,,,,no image found by reference
LM-80127330,image_not_found,,,,no image found by reference
LM-80127339,image_not_found,,,,no image found by reference
LM-80129018,image_not_found,,,,no image found by reference
LM-80129158,image_not_found,,,,no image found by reference
LM-80129238,image_not_found,,,,no image found by reference
LM-80129330,image_not_found,,,,no image found by reference
LM-80129466,image_not_found,,,,no image found by reference
LM-80129468,image_not_found,,,,no image found by reference
LM-80129469,image_not_found,,,,no image found by reference
LM-80130300,image_not_found,,,,no image found by reference
LM-80130302,image_not_found,,,,no image found by reference
LM-80130304,image_not_found,,,,no image found by reference
LM-80130306,image_not_found,,,,no image found by reference
LM-80130308,image_not_found,,,,no image found by reference
LM-80130309,image_not_found,,,,no image found by reference
LM-80130310,image_not_found,,,,no image found by reference
LM-80130311,image_not_found,,,,no image found by reference
LM-80130313,image_not_found,,,,no image found by reference
LM-80130314,image_not_found,,,,no image found by reference
LM-80130315,image_not_found,,,,no image found by reference
LM-80130316,image_not_found,,,,no image found by reference
LM-80130319,image_not_found,,,,no image found by reference
LM-80130321,image_not_found,,,,no image found by reference
LM-80130322,image_not_found,,,,no image found by reference
LM-80131107,image_not_found,,,,no image found by reference
LM-80131118,image_not_found,,,,no image found by reference
LM-80131147,image_not_found,,,,no image found by reference
LM-80131148,image_not_found,,,,no image found by reference
LM-80131150,image_not_found,,,,no image found by reference
LM-80131164,image_not_found,,,,no image found by reference
LM-80131313,image_not_found,,,,no image found by reference
LM-80131323,image_not_found,,,,no image found by reference
LM-80131335,image_not_found,,,,no image found by reference
LM-80131344,image_not_found,,,,no image found by reference
LM-80131353,image_not_found,,,,no image found by reference
LM-80133011,image_not_found,,,,no image found by reference
LM-80133033,image_not_found,,,,no image found by reference
LM-80133040,image_not_found,,,,no image found by reference
LM-80133050,image_not_found,,,,no image found by reference
LM-80133056,image_not_found,,,,no image found by reference
LM-80133061,image_not_found,,,,no image found by reference
LM-80133078,image_not_found,,,,no image found by reference
LM-80133084,image_not_found,,,,no image found by reference
LM-80133318,image_not_found,,,,no image found by reference
LM-80133351,image_not_found,,,,no image found by reference
LM-80133561,image_not_found,,,,no image found by reference
LM-80134514,image_not_found,,,,no image found by reference
LM-80134518,image_not_found,,,,no image found by reference
LM-80135739,image_not_found,,,,no image found by reference
LM-80135852,image_not_found,,,,no image found by reference
LM-80135854,image_not_found,,,,no image found by reference
LM-80135855,image_not_found,,,,no image found by reference
LM-80136218,image_not_found,,,,no image found by reference
LM-80136219,image_not_found,,,,no image found by reference
LM-80136720,image_not_found,,,,no image found by reference
LM-80139321,image_not_found,,,,no image found by reference
LM-80139714,image_not_found,,,,no image found by reference
LM-80141603,image_not_found,,,,no image found by reference
LM-80150387,image_not_found,,,,no image found by reference
LM-80152841,image_not_found,,,,no image found by reference
LM-80152849,image_not_found,,,,no image found by reference
LM-80153048,image_not_found,,,,no image found by reference
LM-80153787,image_not_found,,,,no image found by reference
LM-80154450,image_not_found,,,,no image found by reference
LM-80164942,image_not_found,,,,no image found by reference
LM-80164944,image_not_found,,,,no image found by reference
LM-80164945,image_not_found,,,,no image found by reference
LM-80164949,image_not_found,,,,no image found by reference
LM-80164953,image_not_found,,,,no image found by reference
LM-80164954,image_not_found,,,,no image found by reference
LM-80164955,image_not_found,,,,no image found by reference
LM-80164967,image_not_found,,,,no image found by reference
LM-80164984,image_not_found,,,,no image found by reference
LM-80164985,image_not_found,,,,no image found by reference
LM-80164986,image_not_found,,,,no image found by reference
LM-80165043,image_not_found,,,,no image found by reference
LM-80165048,image_not_found,,,,no image found by reference
LM-80165052,image_not_found,,,,no image found by reference
LM-80165055,image_not_found,,,,no image found by reference
LM-80165061,image_not_found,,,,no image found by reference
LM-80165062,image_not_found,,,,no image found by reference
LM-80165063,image_not_found,,,,no image found by reference
LM-80165066,image_not_found,,,,no image found by reference
LM-80165080,image_not_found,,,,no image found by reference
LM-80165085,image_not_found,,,,no image found by reference
LM-80165090,image_not_found,,,,no image found by reference
LM-80165099,image_not_found,,,,no image found by reference
LM-80165100,image_not_found,,,,no image found by reference
LM-80165102,image_not_found,,,,no image found by reference
LM-80165104,image_not_found,,,,no image found by reference
LM-80165105,image_not_found,,,,no image found by reference
LM-80165107,image_not_found,,,,no image found by reference
LM-80165110,image_not_found,,,,no image found by reference
LM-80165119,image_not_found,,,,no image found by reference
LM-80165120,image_not_found,,,,no image found by reference
LM-80176510,image_not_found,,,,no image found by reference
LM-81962491,image_not_found,,,,no image found by reference
LM-81990972,image_not_found,,,,no image found by reference
LM-82008419,image_not_found,,,,no image found by reference
LM-82008709,image_not_found,,,,no image found by reference
LM-82009028,image_not_found,,,,no image found by reference
LM-82009042,image_not_found,,,,no image found by reference
LM-82009044,image_not_found,,,,no image found by reference
LM-82009062,image_not_found,,,,no image found by reference
LM-82009093,image_not_found,,,,no image found by reference
LM-82009094,image_not_found,,,,no image found by reference
LM-82009106,image_not_found,,,,no image found by reference
LM-82036225,image_not_found,,,,no image found by reference
LM-82062435,image_not_found,,,,no image found by reference
LM-82134851,image_not_found,,,,no image found by reference
LM-82140148,image_not_found,,,,no image found by reference
LM-82140162,image_not_found,,,,no image found by reference
LM-82144720,image_not_found,,,,no image found by reference
LM-82144721,image_not_found,,,,no image found by reference
LM-82144785,image_not_found,,,,no image found by reference
LM-82158118,image_not_found,,,,no image found by reference
LM-82176027,image_not_found,,,,no image found by reference
LM-82181935,image_not_found,,,,no image found by reference
LM-82181940,image_not_found,,,,no image found by reference
LM-82181946,image_not_found,,,,no image found by reference
LM-82181951,image_not_found,,,,no image found by reference
LM-82181953,image_not_found,,,,no image found by reference
LM-82181955,image_not_found,,,,no image found by reference
LM-82181965,image_not_found,,,,no image found by reference
LM-82181968,image_not_found,,,,no image found by reference
LM-82181969,image_not_found,,,,no image found by reference
LM-82181974,image_not_found,,,,no image found by reference
LM-82181975,image_not_found,,,,no image found by reference
LM-82181999,image_not_found,,,,no image found by reference
LM-82182190,image_not_found,,,,no image found by reference
LM-82183929,image_not_found,,,,no image found by reference
LM-82183956,image_not_found,,,,no image found by reference
LM-82183970,image_not_found,,,,no image found by reference
LM-82184775,image_not_found,,,,no image found by reference
LM-82184776,image_not_found,,,,no image found by reference
LM-82184777,image_not_found,,,,no image found by reference
LM-82184779,image_not_found,,,,no image found by reference
LM-82184781,image_not_found,,,,no image found by reference
LM-82184782,image_not_found,,,,no image found by reference
LM-82184784,image_not_found,,,,no image found by reference
LM-82184785,image_not_found,,,,no image found by reference
LM-82184786,image_not_found,,,,no image found by reference
LM-82184787,image_not_found,,,,no image found by reference
LM-82184792,image_not_found,,,,no image found by reference
LM-82184795,image_not_found,,,,no image found by reference
LM-82184801,image_not_found,,,,no image found by reference
LM-82184803,image_not_found,,,,no image found by reference
LM-82184806,image_not_found,,,,no image found by reference
LM-82184810,image_not_found,,,,no image found by reference
LM-82184811,image_not_found,,,,no image found by reference
LM-82184813,image_not_found,,,,no image found by reference
LM-82203715,image_not_found,,,,no image found by reference
LM-82203881,image_not_found,,,,no image found by reference
LM-82203883,image_not_found,,,,no image found by reference
LM-82203885,image_not_found,,,,no image found by reference
LM-82203887,image_not_found,,,,no image found by reference
LM-82204151,image_not_found,,,,no image found by reference
LM-82216985,image_not_found,,,,no image found by reference
LM-82222838,image_not_found,,,,no image found by reference
LM-82222857,image_not_found,,,,no image found by reference
LM-82222858,image_not_found,,,,no image found by reference
LM-82231763,image_not_found,,,,no image found by reference
LM-82231786,image_not_found,,,,no image found by reference
LM-82231802,image_not_found,,,,no image found by reference
LM-82231803,image_not_found,,,,no image found by reference
LM-82231822,image_not_found,,,,no image found by reference
LM-82231831,image_not_found,,,,no image found by reference
LM-82231840,image_not_found,,,,no image found by reference
LM-82231841,image_not_found,,,,no image found by reference
LM-82231842,image_not_found,,,,no image found by reference
LM-82231843,image_not_found,,,,no image found by reference
LM-82231844,image_not_found,,,,no image found by reference
LM-82231845,image_not_found,,,,no image found by reference
LM-82231848,image_not_found,,,,no image found by reference
LM-82231849,image_not_found,,,,no image found by reference
LM-82231850,image_not_found,,,,no image found by reference
LM-82231851,image_not_found,,,,no image found by reference
LM-82231852,image_not_found,,,,no image found by reference
LM-82231853,image_not_found,,,,no image found by reference
LM-82231854,image_not_found,,,,no image found by reference
LM-82231855,image_not_found,,,,no image found by reference
LM-82231856,image_not_found,,,,no image found by reference
LM-82231860,image_not_found,,,,no image found by reference
LM-82231861,image_not_found,,,,no image found by reference
LM-82231863,image_not_found,,,,no image found by reference
LM-82231864,image_not_found,,,,no image found by reference
LM-82231866,image_not_found,,,,no image found by reference
LM-82231874,image_not_found,,,,no image found by reference
LM-82231875,image_not_found,,,,no image found by reference
LM-82231880,image_not_found,,,,no image found by reference
LM-82231881,image_not_found,,,,no image found by reference
LM-82231891,image_not_found,,,,no image found by reference
LM-82231893,image_not_found,,,,no image found by reference
LM-82231896,image_not_found,,,,no image found by reference
LM-82231897,image_not_found,,,,no image found by reference
LM-82231898,image_not_found,,,,no image found by reference
LM-82231899,image_not_found,,,,no image found by reference
LM-82231905,image_not_found,,,,no image found by reference
LM-82231915,image_not_found,,,,no image found by reference
LM-82231916,image_not_found,,,,no image found by reference
LM-82232002,image_not_found,,,,no image found by reference
LM-82233130,image_not_found,,,,no image found by reference
LM-82239575,image_not_found,,,,no image found by reference
LM-82240539,image_not_found,,,,no image found by reference
LM-82240552,image_not_found,,,,no image found by reference
LM-82240553,image_not_found,,,,no image found by reference
LM-82240554,image_not_found,,,,no image found by reference
LM-82240555,image_not_found,,,,no image found by reference
LM-82240556,image_not_found,,,,no image found by reference
LM-82249185,image_not_found,,,,no image found by reference
LM-82249186,image_not_found,,,,no image found by reference
LM-82249187,image_not_found,,,,no image found by reference
LM-82261724,image_not_found,,,,no image found by reference
LM-82261731,image_not_found,,,,no image found by reference
LM-82261734,image_not_found,,,,no image found by reference
LM-82278583,image_not_found,,,,no image found by reference
LM-82279843,image_not_found,,,,no image found by reference
LM-82283824,image_not_found,,,,no image found by reference
LM-82291456,image_not_found,,,,no image found by reference
LM-82291472,image_not_found,,,,no image found by reference
LM-82306450,image_not_found,,,,no image found by reference
LM-82306451,image_not_found,,,,no image found by reference
LM-82306459,image_not_found,,,,no image found by reference
LM-82328911,image_not_found,,,,no image found by reference
LM-82338779,image_not_found,,,,no image found by reference
LM-82338781,image_not_found,,,,no image found by reference
LM-82371622,image_not_found,,,,no image found by reference
LM-82509556,image_not_found,,,,no image found by reference
LM-82509557,image_not_found,,,,no image found by reference
LM-82509558,image_not_found,,,,no image found by reference
LM-82547339,image_not_found,,,,no image found by reference
LM-82547341,image_not_found,,,,no image found by reference
LM-82557396,image_not_found,,,,no image found by reference
LM-82582730,image_not_found,,,,no image found by reference
LM-82582738,image_not_found,,,,no image found by reference
LM-82582740,image_not_found,,,,no image found by reference
LM-82582742,image_not_found,,,,no image found by reference
LM-82582747,image_not_found,,,,no image found by reference
LM-82582749,image_not_found,,,,no image found by reference
LM-82582758,image_not_found,,,,no image found by reference
LM-82582760,image_not_found,,,,no image found by reference
LM-82582761,image_not_found,,,,no image found by reference
LM-82582762,image_not_found,,,,no image found by reference
LM-82582763,image_not_found,,,,no image found by reference
LM-82582770,image_not_found,,,,no image found by reference
LM-82582775,image_not_found,,,,no image found by reference
LM-82582776,image_not_found,,,,no image found by reference
LM-82582777,image_not_found,,,,no image found by reference
LM-82582778,image_not_found,,,,no image found by reference
LM-82582779,image_not_found,,,,no image found by reference
LM-82582780,image_not_found,,,,no image found by reference
LM-82582782,image_not_found,,,,no image found by reference
LM-82582785,image_not_found,,,,no image found by reference
LM-82582788,image_not_found,,,,no image found by reference
LM-82582789,image_not_found,,,,no image found by reference
LM-82582790,image_not_found,,,,no image found by reference
LM-82582791,image_not_found,,,,no image found by reference
LM-82582794,image_not_found,,,,no image found by reference
LM-82582796,image_not_found,,,,no image found by reference
LM-82582799,image_not_found,,,,no image found by reference
LM-82582802,image_not_found,,,,no image found by reference
LM-82582803,image_not_found,,,,no image found by reference
LM-82582804,image_not_found,,,,no image found by reference
LM-82582805,image_not_found,,,,no image found by reference
LM-82582808,image_not_found,,,,no image found by reference
LM-82582810,image_not_found,,,,no image found by reference
LM-82582812,image_not_found,,,,no image found by reference
LM-82582814,image_not_found,,,,no image found by reference
LM-82582823,image_not_found,,,,no image found by reference
LM-82582824,image_not_found,,,,no image found by reference
LM-82582838,image_not_found,,,,no image found by reference
LM-82582839,image_not_found,,,,no image found by reference
LM-82582840,image_not_found,,,,no image found by reference
LM-82582843,image_not_found,,,,no image found by reference
LM-82582850,image_not_found,,,,no image found by reference
LM-82582859,image_not_found,,,,no image found by reference
LM-82582862,image_not_found,,,,no image found by reference
LM-82582864,image_not_found,,,,no image found by reference
LM-82582866,image_not_found,,,,no image found by reference
LM-82582871,image_not_found,,,,no image found by reference
LM-82582872,image_not_found,,,,no image found by reference
LM-82582875,image_not_found,,,,no image found by reference
LM-82582876,image_not_found,,,,no image found by reference
LM-82582877,image_not_found,,,,no image found by reference
LM-82582882,image_not_found,,,,no image found by reference
LM-82582889,image_not_found,,,,no image found by reference
LM-82582890,image_not_found,,,,no image found by reference
LM-82582892,image_not_found,,,,no image found by reference
LM-82582893,image_not_found,,,,no image found by reference
LM-82582894,image_not_found,,,,no image found by reference
LM-82582898,image_not_found,,,,no image found by reference
LM-82582903,image_not_found,,,,no image found by reference
LM-82582904,image_not_found,,,,no image found by reference
LM-82583002,image_not_found,,,,no image found by reference
LM-82583003,image_not_found,,,,no image found by reference
LM-82583004,image_not_found,,,,no image found by reference
LM-82583006,image_not_found,,,,no image found by reference
LM-82583007,image_not_found,,,,no image found by reference
LM-82583010,image_not_found,,,,no image found by reference
LM-82583017,image_not_found,,,,no image found by reference
LM-82583019,image_not_found,,,,no image found by reference
LM-82583021,image_not_found,,,,no image found by reference
LM-82583029,image_not_found,,,,no image found by reference
LM-82583030,image_not_found,,,,no image found by reference
LM-82583031,image_not_found,,,,no image found by reference
LM-82583034,image_not_found,,,,no image found by reference
LM-82583036,image_not_found,,,,no image found by reference
LM-82583042,image_not_found,,,,no image found by reference
LM-82583044,image_not_found,,,,no image found by reference
LM-82583049,image_not_found,,,,no image found by reference
LM-82583051,image_not_found,,,,no image found by reference
LM-82583063,image_not_found,,,,no image found by reference
LM-82583064,image_not_found,,,,no image found by reference
LM-82583071,image_not_found,,,,no image found by reference
LM-82583072,image_not_found,,,,no image found by reference
LM-82583073,image_not_found,,,,no image found by reference
LM-82583076,image_not_found,,,,no image found by reference
LM-82583079,image_not_found,,,,no image found by reference
LM-82583084,image_not_found,,,,no image found by reference
LM-82583110,image_not_found,,,,no image found by reference
LM-82583111,image_not_found,,,,no image found by reference
LM-82583112,image_not_found,,,,no image found by reference
LM-82583114,image_not_found,,,,no image found by reference
LM-82583115,image_not_found,,,,no image found by reference
LM-82598295,image_not_found,,,,no image found by reference
LM-82609941,image_not_found,,,,no image found by reference
LM-82620216,image_not_found,,,,no image found by reference
LM-82620217,image_not_found,,,,no image found by reference
LM-82645826,image_not_found,,,,no image found by reference
LM-82661565,image_not_found,,,,no image found by reference
LM-82661573,image_not_found,,,,no image found by reference
LM-82671835,image_not_found,,,,no image found by reference
LM-82709661,image_not_found,,,,no image found by reference
LM-82751497,image_not_found,,,,no image found by reference
LM-82751505,image_not_found,,,,no image found by reference
LM-82751508,image_not_found,,,,no image found by reference
LM-82751510,image_not_found,,,,no image found by reference
LM-82754517,image_not_found,,,,no image found by reference
LM-82754520,image_not_found,,,,no image found by reference
LM-82754527,image_not_found,,,,no image found by reference
LM-82754528,image_not_found,,,,no image found by reference
LM-82754533,image_not_found,,,,no image found by reference
LM-82799954,image_not_found,,,,no image found by reference
LM-82800004,image_not_found,,,,no image found by reference
LM-82826264,image_not_found,,,,no image found by reference
LM-82857313,image_not_found,,,,no image found by reference
LM-82857322,image_not_found,,,,no image found by reference
LM-82857324,image_not_found,,,,no image found by reference
LM-82857326,image_not_found,,,,no image found by reference
LM-82893797,image_not_found,,,,no image found by reference
LM-83151234,image_not_found,,,,no image found by reference
LM-83185611,image_not_found,,,,no image found by reference
LM-83242416,image_not_found,,,,no image found by reference
LM-83242418,image_not_found,,,,no image found by reference
LM-83242420,image_not_found,,,,no image found by reference
LM-83242421,image_not_found,,,,no image found by reference
LM-83242422,image_not_found,,,,no image found by reference
LM-83242423,image_not_found,,,,no image found by reference
LM-83242424,image_not_found,,,,no image found by reference
LM-83325275,image_not_found,,,,no image found by reference
LM-83513565,image_not_found,,,,no image found by reference
LM-83513568,image_not_found,,,,no image found by reference
LM-83513571,image_not_found,,,,no image found by reference
LM-83513574,image_not_found,,,,no image found by reference
LM-83513576,image_not_found,,,,no image found by reference
LM-83513578,image_not_found,,,,no image found by reference
LM-83626820,image_not_found,,,,no image found by reference
LM-83635147,image_not_found,,,,no image found by reference
LM-83635213,image_not_found,,,,no image found by reference
LM-83635282,image_not_found,,,,no image found by reference
LM-83635341,image_not_found,,,,no image found by reference
LM-83831897,image_not_found,,,,no image found by reference
LM-83831901,image_not_found,,,,no image found by reference
LM-83831902,image_not_found,,,,no image found by reference
LM-83831903,image_not_found,,,,no image found by reference
LM-83831905,image_not_found,,,,no image found by reference
LM-83831908,image_not_found,,,,no image found by reference
LM-83831912,image_not_found,,,,no image found by reference
LM-83831914,image_not_found,,,,no image found by reference
LM-83831915,image_not_found,,,,no image found by reference
LM-83831927,image_not_found,,,,no image found by reference
LM-83972877,image_not_found,,,,no image found by reference
LM-83983092,image_not_found,,,,no image found by reference
LM-83992442,image_not_found,,,,no image found by reference
LM-83992443,image_not_found,,,,no image found by reference
LM-83992444,image_not_found,,,,no image found by reference
LM-83992449,image_not_found,,,,no image found by reference
LM-83992454,image_not_found,,,,no image found by reference
LM-84127154,image_not_found,,,,no image found by reference
LM-84173415,image_not_found,,,,no image found by reference
LM-84173427,image_not_found,,,,no image found by reference
LM-84355387,image_not_found,,,,no image found by reference
LM-84360690,image_not_found,,,,no image found by reference
LM-84376620,image_not_found,,,,no image found by reference
LM-84450544,image_not_found,,,,no image found by reference
LM-84471164,image_not_found,,,,no image found by reference
LM-84617498,image_not_found,,,,no image found by reference
LM-84710349,image_not_found,,,,no image found by reference
LM-84732103,image_not_found,,,,no image found by reference
LM-84732114,image_not_found,,,,no image found by reference
LM-84732268,image_not_found,,,,no image found by reference
LM-84732335,image_not_found,,,,no image found by reference
LM-84732349,image_not_found,,,,no image found by reference
LM-84770247,image_not_found,,,,no image found by reference
LM-84770249,image_not_found,,,,no image found by reference
LM-84770265,image_not_found,,,,no image found by reference
LM-84818576,image_not_found,,,,no image found by reference
LM-84850962,image_not_found,,,,no image found by reference
LM-84850963,image_not_found,,,,no image found by reference
LM-84850964,image_not_found,,,,no image found by reference
LM-84850965,image_not_found,,,,no image found by reference
LM-84850967,image_not_found,,,,no image found by reference
LM-84850970,image_not_found,,,,no image found by reference
LM-84850972,image_not_found,,,,no image found by reference
LM-84850980,image_not_found,,,,no image found by reference
LM-84850982,image_not_found,,,,no image found by reference
LM-84850986,image_not_found,,,,no image found by reference
LM-84850988,image_not_found,,,,no image found by reference
LM-84850989,image_not_found,,,,no image found by reference
LM-84850992,image_not_found,,,,no image found by reference
LM-84850993,image_not_found,,,,no image found by reference
LM-84850994,image_not_found,,,,no image found by reference
LM-84850996,image_not_found,,,,no image found by reference
LM-84851000,image_not_found,,,,no image found by reference
LM-84851012,image_not_found,,,,no image found by reference
LM-84851047,image_not_found,,,,no image found by reference
LM-84851048,image_not_found,,,,no image found by reference
LM-84851051,image_not_found,,,,no image found by reference
LM-84851052,image_not_found,,,,no image found by reference
LM-84851055,image_not_found,,,,no image found by reference
LM-84851056,image_not_found,,,,no image found by reference
LM-84851057,image_not_found,,,,no image found by reference
LM-84851058,image_not_found,,,,no image found by reference
LM-84851060,image_not_found,,,,no image found by reference
LM-84851061,image_not_found,,,,no image found by reference
LM-84851077,image_not_found,,,,no image found by reference
LM-84851088,image_not_found,,,,no image found by reference
LM-84851089,image_not_found,,,,no image found by reference
LM-84851093,image_not_found,,,,no image found by reference
LM-84851095,image_not_found,,,,no image found by reference
LM-84851096,image_not_found,,,,no image found by reference
LM-84851098,image_not_found,,,,no image found by reference
LM-84851100,image_not_found,,,,no image found by reference
LM-84851102,image_not_found,,,,no image found by reference
LM-84851104,image_not_found,,,,no image found by reference
LM-84851106,image_not_found,,,,no image found by reference
LM-84851110,image_not_found,,,,no image found by reference
LM-84851119,image_not_found,,,,no image found by reference
LM-84851120,image_not_found,,,,no image found by reference
LM-84851123,image_not_found,,,,no image found by reference
LM-84851131,image_not_found,,,,no image found by reference
LM-84851142,image_not_found,,,,no image found by reference
LM-84862907,image_not_found,,,,no image found by reference
LM-85018293,image_not_found,,,,no image found by reference
LM-85063440,image_not_found,,,,no image found by reference
LM-85066273,image_not_found,,,,no image found by reference
LM-85066292,image_not_found,,,,no image found by reference
LM-85091111,image_not_found,,,,no image found by reference
LM-85091129,image_not_found,,,,no image found by reference
LM-85262798,image_not_found,,,,no image found by reference
LM-85262820,image_not_found,,,,no image found by reference
LM-85262821,image_not_found,,,,no image found by reference
LM-85262827,image_not_found,,,,no image found by reference
LM-85262836,image_not_found,,,,no image found by reference
LM-85262865,image_not_found,,,,no image found by reference
LM-85263169,image_not_found,,,,no image found by reference
LM-85263171,image_not_found,,,,no image found by reference
LM-85263172,image_not_found,,,,no image found by reference
LM-85443784,image_not_found,,,,no image found by reference
LM-85540626,image_not_found,,,,no image found by reference
LM-85540628,image_not_found,,,,no image found by reference
LM-85565476,image_not_found,,,,no image found by reference
LM-85565490,image_not_found,,,,no image found by reference
LM-85565491,image_not_found,,,,no image found by reference
LM-85565492,image_not_found,,,,no image found by reference
LM-85565495,image_not_found,,,,no image found by reference
LM-85565496,image_not_found,,,,no image found by reference
LM-85565499,image_not_found,,,,no image found by reference
LM-85565500,image_not_found,,,,no image found by reference
LM-85565501,image_not_found,,,,no image found by reference
LM-85565504,image_not_found,,,,no image found by reference
LM-85565506,image_not_found,,,,no image found by reference
LM-85565507,image_not_found,,,,no image found by reference
LM-85565508,image_not_found,,,,no image found by reference
LM-85565509,image_not_found,,,,no image found by reference
LM-85565510,image_not_found,,,,no image found by reference
LM-85565511,image_not_found,,,,no image found by reference
LM-85565512,image_not_found,,,,no image found by reference
LM-85666975,image_not_found,,,,no image found by reference
LM-85848855,image_not_found,,,,no image found by reference
LM-85849100,image_not_found,,,,no image found by reference
LM-86273298,image_not_found,,,,no image found by reference
LM-86273301,image_not_found,,,,no image found by reference
LM-86273304,image_not_found,,,,no image found by reference
LM-86273310,image_not_found,,,,no image found by reference
LM-86273378,image_not_found,,,,no image found by reference
LM-86273382,image_not_found,,,,no image found by reference
LM-86281466,image_not_found,,,,no image found by reference
LM-86408380,image_not_found,,,,no image found by reference
LM-86408382,image_not_found,,,,no image found by reference
LM-86408385,image_not_found,,,,no image found by reference
LM-86523592,image_not_found,,,,no image found by reference
LM-86523595,image_not_found,,,,no image found by reference
LM-86523597,image_not_found,,,,no image found by reference
LM-86523615,image_not_found,,,,no image found by reference
LM-86523619,image_not_found,,,,no image found by reference
LM-86523622,image_not_found,,,,no image found by reference
LM-86523626,image_not_found,,,,no image found by reference
LM-86523632,image_not_found,,,,no image found by reference
LM-86523634,image_not_found,,,,no image found by reference
LM-86523637,image_not_found,,,,no image found by reference
LM-86523640,image_not_found,,,,no image found by reference
LM-86523645,image_not_found,,,,no image found by reference
LM-86523647,image_not_found,,,,no image found by reference
LM-86523648,image_not_found,,,,no image found by reference
LM-86523650,image_not_found,,,,no image found by reference
LM-86532229,image_not_found,,,,no image found by reference
LM-86677318,image_not_found,,,,no image found by reference
LM-86904474,image_not_found,,,,no image found by reference
LM-86904476,image_not_found,,,,no image found by reference
LM-86904481,image_not_found,,,,no image found by reference
LM-87401296,image_not_found,,,,no image found by reference
LM-87401300,image_not_found,,,,no image found by reference
LM-87401381,image_not_found,,,,no image found by reference
LM-87401788,image_not_found,,,,no image found by reference
LM-87401790,image_not_found,,,,no image found by reference
LM-87401793,image_not_found,,,,no image found by reference
LM-87401794,image_not_found,,,,no image found by reference
LM-87401795,image_not_found,,,,no image found by reference
LM-87401796,image_not_found,,,,no image found by reference
LM-87401797,image_not_found,,,,no image found by reference
LM-87422581,image_not_found,,,,no image found by reference
LM-87422583,image_not_found,,,,no image found by reference
LM-87425245,image_not_found,,,,no image found by reference
LM-87425246,image_not_found,,,,no image found by reference
LM-87425257,image_not_found,,,,no image found by reference
LM-87477242,image_not_found,,,,no image found by reference
LM-87477251,image_not_found,,,,no image found by reference
LM-87477474,image_not_found,,,,no image found by reference
LM-87477486,image_not_found,,,,no image found by reference
LM-87477719,image_not_found,,,,no image found by reference
LM-87477722,image_not_found,,,,no image found by reference
LM-87477749,image_not_found,,,,no image found by reference
LM-87657925,image_not_found,,,,no image found by reference
LM-87796718,image_not_found,,,,no image found by reference
LM-87796724,image_not_found,,,,no image found by reference
LM-87919181,image_not_found,,,,no image found by reference
LM-88042328,image_not_found,,,,no image found by reference
LM-88042405,image_not_found,,,,no image found by reference
LM-88120681,image_not_found,,,,no image found by reference
LM-88120682,image_not_found,,,,no image found by reference
LM-88120686,image_not_found,,,,no image found by reference
LM-88120691,image_not_found,,,,no image found by reference
LM-88120696,image_not_found,,,,no image found by reference
LM-88120698,image_not_found,,,,no image found by reference
LM-88120702,image_not_found,,,,no image found by reference
LM-88120708,image_not_found,,,,no image found by reference
LM-88127360,image_not_found,,,,no image found by reference
LM-88132900,image_not_found,,,,no image found by reference
LM-88132958,image_not_found,,,,no image found by reference
LM-88132962,image_not_found,,,,no image found by reference
LM-88142316,image_not_found,,,,no image found by reference
LM-88143176,image_not_found,,,,no image found by reference
LM-88147216,image_not_found,,,,no image found by reference
LM-88158977,image_not_found,,,,no image found by reference
LM-88279383,image_not_found,,,,no image found by reference
LM-88279387,image_not_found,,,,no image found by reference
LM-88318257,image_not_found,,,,no image found by reference
LM-88318283,image_not_found,,,,no image found by reference
LM-88318290,image_not_found,,,,no image found by reference
LM-88318300,image_not_found,,,,no image found by reference
LM-88318305,image_not_found,,,,no image found by reference
LM-88318318,image_not_found,,,,no image found by reference
LM-88318424,image_not_found,,,,no image found by reference
LM-88318425,image_not_found,,,,no image found by reference
LM-88318426,image_not_found,,,,no image found by reference
LM-88319690,image_not_found,,,,no image found by reference
LM-88596328,image_not_found,,,,no image found by reference
LM-88596577,image_not_found,,,,no image found by reference
LM-88713230,image_not_found,,,,no image found by reference
LM-88763881,image_not_found,,,,no image found by reference
LM-88763888,image_not_found,,,,no image found by reference
LM-88792666,image_not_found,,,,no image found by reference
LM-88792669,image_not_found,,,,no image found by reference
LM-88792670,image_not_found,,,,no image found by reference
LM-88792674,image_not_found,,,,no image found by reference
LM-88802142,image_not_found,,,,no image found by reference
LM-88899407,image_not_found,,,,no image found by reference
LM-88899414,image_not_found,,,,no image found by reference
LM-88899415,image_not_found,,,,no image found by reference
LM-88899417,image_not_found,,,,no image found by reference
LM-88899421,image_not_found,,,,no image found by reference
LM-88899423,image_not_found,,,,no image found by reference
LM-88899426,image_not_found,,,,no image found by reference
LM-88942446,image_not_found,,,,no image found by reference
LM-88943745,image_not_found,,,,no image found by reference
LM-88943746,image_not_found,,,,no image found by reference
LM-89071380,image_not_found,,,,no image found by reference
LM-89076529,image_not_found,,,,no image found by reference
LM-89110075,image_not_found,,,,no image found by reference
LM-89111042,image_not_found,,,,no image found by reference
LM-89112734,image_not_found,,,,no image found by reference
LM-89125796,image_not_found,,,,no image found by reference
LM-89153214,image_not_found,,,,no image found by reference
LM-89328177,image_not_found,,,,no image found by reference
LM-89328179,image_not_found,,,,no image found by reference
LM-89619799,image_not_found,,,,no image found by reference
LM-89721244,image_not_found,,,,no image found by reference
LM-90110994,image_not_found,,,,no image found by reference
LM-90110995,image_not_found,,,,no image found by reference
LM-90111012,image_not_found,,,,no image found by reference
LM-90111016,image_not_found,,,,no image found by reference
LM-90111029,image_not_found,,,,no image found by reference
LM-90111033,image_not_found,,,,no image found by reference
LM-90111048,image_not_found,,,,no image found by reference
LM-90111050,image_not_found,,,,no image found by reference
LM-90111072,image_not_found,,,,no image found by reference
LM-90111088,image_not_found,,,,no image found by reference
LM-90201943,image_not_found,,,,no image found by reference
LM-90201957,image_not_found,,,,no image found by reference
LM-90201964,image_not_found,,,,no image found by reference
LM-90201966,image_not_found,,,,no image found by reference
LM-90201970,image_not_found,,,,no image found by reference
LM-90201987,image_not_found,,,,no image found by reference
LM-90201997,image_not_found,,,,no image found by reference
LM-90202000,image_not_found,,,,no image found by reference
LM-90202018,image_not_found,,,,no image found by reference
LM-90202023,image_not_found,,,,no image found by reference
LM-90202030,image_not_found,,,,no image found by reference
LM-90202033,image_not_found,,,,no image found by reference
LM-90304375,image_not_found,,,,no image found by reference
LM-90318765,image_not_found,,,,no image found by reference
LM-90685489,image_not_found,,,,no image found by reference
LM-90711215,image_not_found,,,,no image found by reference
LM-90760720,image_not_found,,,,no image found by reference
LM-91007817,image_not_found,,,,no image found by reference
LM-91007832,image_not_found,,,,no image found by reference
LM-91007906,image_not_found,,,,no image found by reference
LM-91007915,image_not_found,,,,no image found by reference
LM-91007922,image_not_found,,,,no image found by reference
LM-91007925,image_not_found,,,,no image found by reference
LM-91008012,image_not_found,,,,no image found by reference
LM-91182181,image_not_found,,,,no image found by reference
LM-91182186,image_not_found,,,,no image found by reference
LM-91182193,image_not_found,,,,no image found by reference
LM-91182194,image_not_found,,,,no image found by reference
LM-91182197,image_not_found,,,,no image found by reference
LM-91182205,image_not_found,,,,no image found by reference
LM-91182206,image_not_found,,,,no image found by reference
LM-91182212,image_not_found,,,,no image found by reference
LM-91182217,image_not_found,,,,no image found by reference
LM-91182226,image_not_found,,,,no image found by reference
LM-91182230,image_not_found,,,,no image found by reference
LM-91182233,image_not_found,,,,no image found by reference
LM-91182243,image_not_found,,,,no image found by reference
LM-91182251,image_not_found,,,,no image found by reference
LM-91182259,image_not_found,,,,no image found by reference
LM-91182260,image_not_found,,,,no image found by reference
LM-91182267,image_not_found,,,,no image found by reference
LM-91182269,image_not_found,,,,no image found by reference
LM-91182274,image_not_found,,,,no image found by reference
LM-91182291,image_not_found,,,,no image found by reference
LM-91182306,image_not_found,,,,no image found by reference
LM-91182307,image_not_found,,,,no image found by reference
LM-91182311,image_not_found,,,,no image found by reference
LM-91223228,image_not_found,,,,no image found by reference
LM-91664555,image_not_found,,,,no image found by reference
LM-91664557,image_not_found,,,,no image found by reference
LM-91664562,image_not_found,,,,no image found by reference
LM-91779057,image_not_found,,,,no image found by reference
LM-91850375,image_not_found,,,,no image found by reference
LM-91850376,image_not_found,,,,no image found by reference
LM-91850377,image_not_found,,,,no image found by reference
LM-91850378,image_not_found,,,,no image found by reference
LM-91850379,image_not_found,,,,no image found by reference
LM-91910417,image_not_found,,,,no image found by reference
LM-91945540,image_not_found,,,,no image found by reference
LM-91952398,image_not_found,,,,no image found by reference
LM-91952400,image_not_found,,,,no image found by reference
LM-91952403,image_not_found,,,,no image found by reference
LM-91952405,image_not_found,,,,no image found by reference
LM-91952406,image_not_found,,,,no image found by reference
LM-91952407,image_not_found,,,,no image found by reference
LM-91952408,image_not_found,,,,no image found by reference
LM-91952412,image_not_found,,,,no image found by reference
LM-91952413,image_not_found,,,,no image found by reference
LM-91952437,image_not_found,,,,no image found by reference
LM-91988857,image_not_found,,,,no image found by reference
LM-92016341,image_not_found,,,,no image found by reference
LM-92291265,image_not_found,,,,no image found by reference
LM-92525183,image_not_found,,,,no image found by reference
LM-93181687,image_not_found,,,,no image found by reference
LM-93181688,image_not_found,,,,no image found by reference
LM-93181694,image_not_found,,,,no image found by reference
LM-93181695,image_not_found,,,,no image found by reference
LM-93181696,image_not_found,,,,no image found by reference
LM-93833368,image_not_found,,,,no image found by reference
LM-93833369,image_not_found,,,,no image found by reference
LM-93833391,image_not_found,,,,no image found by reference
LM-93904289,image_not_found,,,,no image found by reference
LM-93904298,image_not_found,,,,no image found by reference
LM-93904300,image_not_found,,,,no image found by reference
LM-94058080,image_not_found,,,,no image found by reference
LM-94230847,image_not_found,,,,no image found by reference
LM-94612186,image_not_found,,,,no image found by reference
LM-94760747,image_not_found,,,,no image found by reference
LM-94872547,image_not_found,,,,no image found by reference
LM-94885742,image_not_found,,,,no image found by reference
LM-94885743,image_not_found,,,,no image found by reference
LM-94885756,image_not_found,,,,no image found by reference
LM-94885770,image_not_found,,,,no image found by reference
LM-94885776,image_not_found,,,,no image found by reference
LM-94885782,image_not_found,,,,no image found by reference
LM-94885814,image_not_found,,,,no image found by reference
LM-94885826,image_not_found,,,,no image found by reference
LM-94885855,image_not_found,,,,no image found by reference
LM-95505440,image_not_found,,,,no image found by reference
LM-95653209,image_not_found,,,,no image found by reference
LM-96149079,image_not_found,,,,no image found by reference
LM-96149080,image_not_found,,,,no image found by reference
LM-96392952,image_not_found,,,,no image found by reference
LM-96548381,image_not_found,,,,no image found by reference
LM-96553115,image_not_found,,,,no image found by reference
LM-96553120,image_not_found,,,,no image found by reference
LM-96928833,image_not_found,,,,no image found by reference
LM-96958372,image_not_found,,,,no image found by reference
LM-96958373,image_not_found,,,,no image found by reference
LM-96958412,image_not_found,,,,no image found by reference
LM-96958413,image_not_found,,,,no image found by reference
LM-96958414,image_not_found,,,,no image found by reference
LM-96958415,image_not_found,,,,no image found by reference
LM-96958426,image_not_found,,,,no image found by reference
LM-97276304,image_not_found,,,,no image found by reference
LM-97667945,image_not_found,,,,no image found by reference
LM-98220538,image_not_found,,,,no image found by reference
LM-99394707,image_not_found,,,,no image found by reference
