Item name,Variations,Option set 1,Option 1,Option set 2,Option 2,Option set 3,Option 3,Option set 4,Option 4,Is variation visible? (Yes/No),Price,Cost price,Variable price? (Yes/No),Tax rate (%),On sale in Online Store?,Regular price (before sale),Set up different prices and VAT for takeaway,Takeaway price,Takeaway tax rate,Unit,Track inventory? (Yes/No),Quantity,Low stock threshold,SKU,Barcode,Modifiers,Description (Online Store and Invoices only),Category,Display item at Checkout? (Yes/No),Display colour in POS checkout,Image 1,Image 2,Image 3,Image 4,Image 5,Image 6,Image 7,Display item in Online Store? (Yes/No),SEO title (Online Store only),SEO description (Online Store only),Shipping weight [kg] (Online Store only),Display service in Bookings? (Yes/No),Duration [minutes] (Bookings only),Location [business/customer] (Bookings only),Item id (Do not change),Variant id (Do not change)
Dépose ancien portail,,,,,,,,,,,1.00,,Yes,,,,,,,unité,No,,,PREST-PORTAIL-DEPOSE,,,Prestation de main-d’œuvre - unité : unité - prix libre HT à saisir au devis,Prestations - Portail / Clôture,Yes,,,,,,,,,No,,,,,,,,
Pose portail battant,,,,,,,,,,,1.00,,Yes,,,,,,,unité,No,,,PREST-PORTAIL-POSE,,,Prestation de main-d’œuvre - unité : unité - prix libre HT à saisir au devis,Prestations - Portail / Clôture,Yes,,,,,,,,,No,,,,,,,,
Pose portail coulissant,,,,,,,,,,,1.00,,Yes,,,,,,,unité,No,,,PREST-PORTAIL-COULISSANT,,,Prestation de main-d’œuvre - unité : unité - prix libre HT à saisir au devis,Prestations - Portail / Clôture,Yes,,,,,,,,,No,,,,,,,,
Pose motorisation portail,,,,,,,,,,,1.00,,Yes,,,,,,,unité,No,,,PREST-MOTOR-PORTAIL,,,Prestation de main-d’œuvre - unité : unité - prix libre HT à saisir au devis,Prestations - Portail / Clôture,Yes,,,,,,,,,No,,,,,,,,
Pose clôture aluminium,,,,,,,,,,,1.00,,Yes,,,,,,,ml,No,,,PREST-CLOTURE-ALU,,,Prestation de main-d’œuvre - unité : ml - prix libre HT à saisir au devis,Prestations - Portail / Clôture,Yes,,,,,,,,,No,,,,,,,,
Pose clôture composite,,,,,,,,,,,1.00,,Yes,,,,,,,ml,No,,,PREST-CLOTURE-COMPOSITE,,,Prestation de main-d’œuvre - unité : ml - prix libre HT à saisir au devis,Prestations - Portail / Clôture,Yes,,,,,,,,,No,,,,,,,,
Création ou reprise seuil portail,,,,,,,,,,,1.00,,Yes,,,,,,,forfait,No,,,PREST-SEUIL-PORTAIL,,,Prestation de main-d’œuvre - unité : forfait - prix libre HT à saisir au devis,Prestations - Portail / Clôture,Yes,,,,,,,,,No,,,,,,,,
Rehausse ou reprise piliers portail,,,,,,,,,,,1.00,,Yes,,,,,,,forfait,No,,,PREST-PILIERS-PORTAIL,,,Prestation de main-d’œuvre - unité : forfait - prix libre HT à saisir au devis,Prestations - Portail / Clôture,Yes,,,,,,,,,No,,,,,,,,
Dépose carrelage,,,,,,,,,,,1.00,,Yes,,,,,,,m²,No,,,PREST-CARRELAGE-DEPOSE,,,Prestation de main-d’œuvre - unité : m² - prix libre HT à saisir au devis,Prestations - Carrelage,Yes,,,,,,,,,No,,,,,,,,
Pose carrelage sol,,,,,,,,,,,1.00,,Yes,,,,,,,m²,No,,,PREST-CARRELAGE-SOL,,,Prestation de main-d’œuvre - unité : m² - prix libre HT à saisir au devis,Prestations - Carrelage,Yes,,,,,,,,,No,,,,,,,,
Pose carrelage mural / faïence,,,,,,,,,,,1.00,,Yes,,,,,,,m²,No,,,PREST-CARRELAGE-MUR,,,Prestation de main-d’œuvre - unité : m² - prix libre HT à saisir au devis,Prestations - Carrelage,Yes,,,,,,,,,No,,,,,,,,
Pose nez de marche,,,,,,,,,,,1.00,,Yes,,,,,,,ml,No,,,PREST-NEZ-MARCHE,,,Prestation de main-d’œuvre - unité : ml - prix libre HT à saisir au devis,Prestations - Carrelage,Yes,,,,,,,,,No,,,,,,,,
Réalisation joints carrelage,,,,,,,,,,,1.00,,Yes,,,,,,,m²,No,,,PREST-JOINT-CARRELAGE,,,Prestation de main-d’œuvre - unité : m² - prix libre HT à saisir au devis,Prestations - Carrelage,Yes,,,,,,,,,No,,,,,,,,
Découpe et calepinage complexe,,,,,,,,,,,1.00,,Yes,,,,,,,forfait,No,,,PREST-CALEPINAGE,,,Prestation de main-d’œuvre - unité : forfait - prix libre HT à saisir au devis,Prestations - Carrelage,Yes,,,,,,,,,No,,,,,,,,
Ragréage fibré,,,,,,,,,,,1.00,,Yes,,,,,,,m²,No,,,PREST-RAGREAGE-FIBRE,,,Prestation de main-d’œuvre - unité : m² - prix libre HT à saisir au devis,Prestations - Préparation sols,Yes,,,,,,,,,No,,,,,,,,
Ragréage autolissant,,,,,,,,,,,1.00,,Yes,,,,,,,m²,No,,,PREST-RAGREAGE,,,Prestation de main-d’œuvre - unité : m² - prix libre HT à saisir au devis,Prestations - Préparation sols,Yes,,,,,,,,,No,,,,,,,,
Ponçage ou surfaçage support,,,,,,,,,,,1.00,,Yes,,,,,,,m²,No,,,PREST-SURFACAGE,,,Prestation de main-d’œuvre - unité : m² - prix libre HT à saisir au devis,Prestations - Préparation sols,Yes,,,,,,,,,No,,,,,,,,
Application primaire d’accrochage,,,,,,,,,,,1.00,,Yes,,,,,,,m²,No,,,PREST-PRIMAIRE,,,Prestation de main-d’œuvre - unité : m² - prix libre HT à saisir au devis,Prestations - Préparation sols,Yes,,,,,,,,,No,,,,,,,,
Dépose baignoire,,,,,,,,,,,1.00,,Yes,,,,,,,unité,No,,,PREST-SDB-DEPOSE-BAIGNOIRE,,,Prestation de main-d’œuvre - unité : unité - prix libre HT à saisir au devis,Prestations - Salle de bain,Yes,,,,,,,,,No,,,,,,,,
Pose receveur de douche,,,,,,,,,,,1.00,,Yes,,,,,,,unité,No,,,PREST-SDB-RECEVEUR,,,Prestation de main-d’œuvre - unité : unité - prix libre HT à saisir au devis,Prestations - Salle de bain,Yes,,,,,,,,,No,,,,,,,,
Pose paroi de douche,,,,,,,,,,,1.00,,Yes,,,,,,,unité,No,,,PREST-SDB-PAROI,,,Prestation de main-d’œuvre - unité : unité - prix libre HT à saisir au devis,Prestations - Salle de bain,Yes,,,,,,,,,No,,,,,,,,
Pose meuble vasque,,,,,,,,,,,1.00,,Yes,,,,,,,unité,No,,,PREST-SDB-MEUBLE,,,Prestation de main-d’œuvre - unité : unité - prix libre HT à saisir au devis,Prestations - Salle de bain,Yes,,,,,,,,,No,,,,,,,,
Pose mitigeur,,,,,,,,,,,1.00,,Yes,,,,,,,unité,No,,,PREST-SDB-MITIGEUR,,,Prestation de main-d’œuvre - unité : unité - prix libre HT à saisir au devis,Prestations - Salle de bain,Yes,,,,,,,,,No,,,,,,,,
Étanchéité SPEC douche,,,,,,,,,,,1.00,,Yes,,,,,,,forfait,No,,,PREST-SDB-SPEC,,,Prestation de main-d’œuvre - unité : forfait - prix libre HT à saisir au devis,Prestations - Salle de bain,Yes,,,,,,,,,No,,,,,,,,
Modification douche complète,,,,,,,,,,,1.00,,Yes,,,,,,,forfait,No,,,PREST-SDB-DOUCHE,,,Prestation de main-d’œuvre - unité : forfait - prix libre HT à saisir au devis,Prestations - Salle de bain,Yes,,,,,,,,,No,,,,,,,,
Modification alimentation eau,,,,,,,,,,,1.00,,Yes,,,,,,,forfait,No,,,PREST-PLOMB-ALIM,,,Prestation de main-d’œuvre - unité : forfait - prix libre HT à saisir au devis,Prestations - Plomberie,Yes,,,,,,,,,No,,,,,,,,
Modification évacuation,,,,,,,,,,,1.00,,Yes,,,,,,,forfait,No,,,PREST-PLOMB-EVAC,,,Prestation de main-d’œuvre - unité : forfait - prix libre HT à saisir au devis,Prestations - Plomberie,Yes,,,,,,,,,No,,,,,,,,
Pose réseau multicouche,,,,,,,,,,,1.00,,Yes,,,,,,,ml,No,,,PREST-MULTICOUCHE,,,Prestation de main-d’œuvre - unité : ml - prix libre HT à saisir au devis,Prestations - Plomberie,Yes,,,,,,,,,No,,,,,,,,
Pose raccord plomberie,,,,,,,,,,,1.00,,Yes,,,,,,,unité,No,,,PREST-RACCORD-PLOMB,,,Prestation de main-d’œuvre - unité : unité - prix libre HT à saisir au devis,Prestations - Plomberie,Yes,,,,,,,,,No,,,,,,,,
Recherche et réparation fuite,,,,,,,,,,,1.00,,Yes,,,,,,,forfait,No,,,PREST-FUITE,,,Prestation de main-d’œuvre - unité : forfait - prix libre HT à saisir au devis,Prestations - Plomberie,Yes,,,,,,,,,No,,,,,,,,
Pose siphon ou bonde,,,,,,,,,,,1.00,,Yes,,,,,,,unité,No,,,PREST-SIPHON-BONDE,,,Prestation de main-d’œuvre - unité : unité - prix libre HT à saisir au devis,Prestations - Plomberie,Yes,,,,,,,,,No,,,,,,,,
Création prise électrique,,,,,,,,,,,1.00,,Yes,,,,,,,unité,No,,,PREST-ELEC-PRISE,,,Prestation de main-d’œuvre - unité : unité - prix libre HT à saisir au devis,Prestations - Électricité,Yes,,,,,,,,,No,,,,,,,,
Création point lumineux,,,,,,,,,,,1.00,,Yes,,,,,,,unité,No,,,PREST-ELEC-LUMIERE,,,Prestation de main-d’œuvre - unité : unité - prix libre HT à saisir au devis,Prestations - Électricité,Yes,,,,,,,,,No,,,,,,,,
Pose interrupteur,,,,,,,,,,,1.00,,Yes,,,,,,,unité,No,,,PREST-ELEC-INTERRUPTEUR,,,Prestation de main-d’œuvre - unité : unité - prix libre HT à saisir au devis,Prestations - Électricité,Yes,,,,,,,,,No,,,,,,,,
Pose disjoncteur,,,,,,,,,,,1.00,,Yes,,,,,,,unité,No,,,PREST-ELEC-DISJONCTEUR,,,Prestation de main-d’œuvre - unité : unité - prix libre HT à saisir au devis,Prestations - Électricité,Yes,,,,,,,,,No,,,,,,,,
Tirage câble électrique,,,,,,,,,,,1.00,,Yes,,,,,,,ml,No,,,PREST-ELEC-CABLE,,,Prestation de main-d’œuvre - unité : ml - prix libre HT à saisir au devis,Prestations - Électricité,Yes,,,,,,,,,No,,,,,,,,
Recherche panne électrique,,,,,,,,,,,1.00,,Yes,,,,,,,forfait,No,,,PREST-ELEC-PANNE,,,Prestation de main-d’œuvre - unité : forfait - prix libre HT à saisir au devis,Prestations - Électricité,Yes,,,,,,,,,No,,,,,,,,
Pose VMC,,,,,,,,,,,1.00,,Yes,,,,,,,unité,No,,,PREST-VMC,,,Prestation de main-d’œuvre - unité : unité - prix libre HT à saisir au devis,Prestations - VMC / Ventilation,Yes,,,,,,,,,No,,,,,,,,
Pose bouche VMC,,,,,,,,,,,1.00,,Yes,,,,,,,unité,No,,,PREST-VMC-BOUCHE,,,Prestation de main-d’œuvre - unité : unité - prix libre HT à saisir au devis,Prestations - VMC / Ventilation,Yes,,,,,,,,,No,,,,,,,,
Pose extracteur d’air,,,,,,,,,,,1.00,,Yes,,,,,,,unité,No,,,PREST-EXTRACTEUR,,,Prestation de main-d’œuvre - unité : unité - prix libre HT à saisir au devis,Prestations - VMC / Ventilation,Yes,,,,,,,,,No,,,,,,,,
Préparation murs avant peinture,,,,,,,,,,,1.00,,Yes,,,,,,,m²,No,,,PREST-PREPA-MURS,,,Prestation de main-d’œuvre - unité : m² - prix libre HT à saisir au devis,Prestations - Peinture / Enduit,Yes,,,,,,,,,No,,,,,,,,
Enduit de rebouchage / lissage,,,,,,,,,,,1.00,,Yes,,,,,,,m²,No,,,PREST-ENDUIT-LISSAGE,,,Prestation de main-d’œuvre - unité : m² - prix libre HT à saisir au devis,Prestations - Peinture / Enduit,Yes,,,,,,,,,No,,,,,,,,
Peinture murs,,,,,,,,,,,1.00,,Yes,,,,,,,m²,No,,,PREST-PEINTURE-MURS,,,Prestation de main-d’œuvre - unité : m² - prix libre HT à saisir au devis,Prestations - Peinture / Enduit,Yes,,,,,,,,,No,,,,,,,,
Peinture plafonds,,,,,,,,,,,1.00,,Yes,,,,,,,m²,No,,,PREST-PEINTURE-PLAFONDS,,,Prestation de main-d’œuvre - unité : m² - prix libre HT à saisir au devis,Prestations - Peinture / Enduit,Yes,,,,,,,,,No,,,,,,,,
Peinture extérieure,,,,,,,,,,,1.00,,Yes,,,,,,,m²,No,,,PREST-PEINTURE-EXT,,,Prestation de main-d’œuvre - unité : m² - prix libre HT à saisir au devis,Prestations - Peinture / Enduit,Yes,,,,,,,,,No,,,,,,,,
Enduit extérieur,,,,,,,,,,,1.00,,Yes,,,,,,,m²,No,,,PREST-ENDUIT-EXT,,,Prestation de main-d’œuvre - unité : m² - prix libre HT à saisir au devis,Prestations - Peinture / Enduit,Yes,,,,,,,,,No,,,,,,,,
Démolition maçonnerie,,,,,,,,,,,1.00,,Yes,,,,,,,forfait,No,,,PREST-MACON-DEMO,,,Prestation de main-d’œuvre - unité : forfait - prix libre HT à saisir au devis,Prestations - Maçonnerie,Yes,,,,,,,,,No,,,,,,,,
Création dalle béton,,,,,,,,,,,1.00,,Yes,,,,,,,m²,No,,,PREST-DALLE-BETON,,,Prestation de main-d’œuvre - unité : m² - prix libre HT à saisir au devis,Prestations - Maçonnerie,Yes,,,,,,,,,No,,,,,,,,
Création fondation,,,,,,,,,,,1.00,,Yes,,,,,,,ml,No,,,PREST-FONDATION,,,Prestation de main-d’œuvre - unité : ml - prix libre HT à saisir au devis,Prestations - Maçonnerie,Yes,,,,,,,,,No,,,,,,,,
Montage muret,,,,,,,,,,,1.00,,Yes,,,,,,,m²,No,,,PREST-MURET,,,Prestation de main-d’œuvre - unité : m² - prix libre HT à saisir au devis,Prestations - Maçonnerie,Yes,,,,,,,,,No,,,,,,,,
Montage pilier béton,,,,,,,,,,,1.00,,Yes,,,,,,,unité,No,,,PREST-PILIER,,,Prestation de main-d’œuvre - unité : unité - prix libre HT à saisir au devis,Prestations - Maçonnerie,Yes,,,,,,,,,No,,,,,,,,
Reprise béton ou mortier,,,,,,,,,,,1.00,,Yes,,,,,,,forfait,No,,,PREST-REPRISE-BETON,,,Prestation de main-d’œuvre - unité : forfait - prix libre HT à saisir au devis,Prestations - Maçonnerie,Yes,,,,,,,,,No,,,,,,,,
Création saignée et rebouchage,,,,,,,,,,,1.00,,Yes,,,,,,,ml,No,,,PREST-SAIGNEE,,,Prestation de main-d’œuvre - unité : ml - prix libre HT à saisir au devis,Prestations - Maçonnerie,Yes,,,,,,,,,No,,,,,,,,
Pose terrasse composite,,,,,,,,,,,1.00,,Yes,,,,,,,m²,No,,,PREST-TERRASSE-COMPOSITE,,,Prestation de main-d’œuvre - unité : m² - prix libre HT à saisir au devis,Prestations - Terrasse,Yes,,,,,,,,,No,,,,,,,,
Pose terrasse bois,,,,,,,,,,,1.00,,Yes,,,,,,,m²,No,,,PREST-TERRASSE-BOIS,,,Prestation de main-d’œuvre - unité : m² - prix libre HT à saisir au devis,Prestations - Terrasse,Yes,,,,,,,,,No,,,,,,,,
Pose lambourdes terrasse,,,,,,,,,,,1.00,,Yes,,,,,,,m²,No,,,PREST-LAMBOURDES,,,Prestation de main-d’œuvre - unité : m² - prix libre HT à saisir au devis,Prestations - Terrasse,Yes,,,,,,,,,No,,,,,,,,
Pose ossature bois,,,,,,,,,,,1.00,,Yes,,,,,,,m²,No,,,PREST-OSSATURE-BOIS,,,Prestation de main-d’œuvre - unité : m² - prix libre HT à saisir au devis,Prestations - Bois / Placo,Yes,,,,,,,,,No,,,,,,,,
Pose panneaux OSB,,,,,,,,,,,1.00,,Yes,,,,,,,m²,No,,,PREST-OSB,,,Prestation de main-d’œuvre - unité : m² - prix libre HT à saisir au devis,Prestations - Bois / Placo,Yes,,,,,,,,,No,,,,,,,,
Pose plaque de plâtre BA13,,,,,,,,,,,1.00,,Yes,,,,,,,m²,No,,,PREST-BA13,,,Prestation de main-d’œuvre - unité : m² - prix libre HT à saisir au devis,Prestations - Bois / Placo,Yes,,,,,,,,,No,,,,,,,,
Pose isolation,,,,,,,,,,,1.00,,Yes,,,,,,,m²,No,,,PREST-ISOLATION,,,Prestation de main-d’œuvre - unité : m² - prix libre HT à saisir au devis,Prestations - Bois / Placo,Yes,,,,,,,,,No,,,,,,,,
Pose membrane EPDM,,,,,,,,,,,1.00,,Yes,,,,,,,m²,No,,,PREST-EPDM,,,Prestation de main-d’œuvre - unité : m² - prix libre HT à saisir au devis,Prestations - Toiture / Étanchéité,Yes,,,,,,,,,No,,,,,,,,
Étanchéité toiture ou terrasse,,,,,,,,,,,1.00,,Yes,,,,,,,m²,No,,,PREST-ETANCHEITE,,,Prestation de main-d’œuvre - unité : m² - prix libre HT à saisir au devis,Prestations - Toiture / Étanchéité,Yes,,,,,,,,,No,,,,,,,,
Pose gouttière,,,,,,,,,,,1.00,,Yes,,,,,,,ml,No,,,PREST-GOUTTIERE,,,Prestation de main-d’œuvre - unité : ml - prix libre HT à saisir au devis,Prestations - Toiture / Étanchéité,Yes,,,,,,,,,No,,,,,,,,
Dépose radiateur,,,,,,,,,,,1.00,,Yes,,,,,,,unité,No,,,PREST-RADIATEUR-DEPOSE,,,Prestation de main-d’œuvre - unité : unité - prix libre HT à saisir au devis,Prestations - Chauffage,Yes,,,,,,,,,No,,,,,,,,
Pose radiateur,,,,,,,,,,,1.00,,Yes,,,,,,,unité,No,,,PREST-RADIATEUR-POSE,,,Prestation de main-d’œuvre - unité : unité - prix libre HT à saisir au devis,Prestations - Chauffage,Yes,,,,,,,,,No,,,,,,,,
Modification raccordement radiateur,,,,,,,,,,,1.00,,Yes,,,,,,,unité,No,,,PREST-RADIATEUR-RACC,,,Prestation de main-d’œuvre - unité : unité - prix libre HT à saisir au devis,Prestations - Chauffage,Yes,,,,,,,,,No,,,,,,,,
Pose robinet thermostatique,,,,,,,,,,,1.00,,Yes,,,,,,,unité,No,,,PREST-THERMOSTATIQUE,,,Prestation de main-d’œuvre - unité : unité - prix libre HT à saisir au devis,Prestations - Chauffage,Yes,,,,,,,,,No,,,,,,,,
Pose porte,,,,,,,,,,,1.00,,Yes,,,,,,,unité,No,,,PREST-PORTE,,,Prestation de main-d’œuvre - unité : unité - prix libre HT à saisir au devis,Prestations - Menuiserie / Fermeture,Yes,,,,,,,,,No,,,,,,,,
Réglage ou réparation volet roulant,,,,,,,,,,,1.00,,Yes,,,,,,,unité,No,,,PREST-VOLET,,,Prestation de main-d’œuvre - unité : unité - prix libre HT à saisir au devis,Prestations - Menuiserie / Fermeture,Yes,,,,,,,,,No,,,,,,,,
Pose store banne,,,,,,,,,,,1.00,,Yes,,,,,,,unité,No,,,PREST-STORE-BANNE,,,Prestation de main-d’œuvre - unité : unité - prix libre HT à saisir au devis,Prestations - Menuiserie / Fermeture,Yes,,,,,,,,,No,,,,,,,,
Pose garde-corps,,,,,,,,,,,1.00,,Yes,,,,,,,ml,No,,,PREST-GARDE-CORPS,,,Prestation de main-d’œuvre - unité : ml - prix libre HT à saisir au devis,Prestations - Menuiserie / Fermeture,Yes,,,,,,,,,No,,,,,,,,
Déplacement chantier,,,,,,,,,,,1.00,,Yes,,,,,,,unité,No,,,PREST-DEPLACEMENT,,,Prestation de main-d’œuvre - unité : unité - prix libre HT à saisir au devis,Compléments chantier,Yes,,,,,,,,,No,,,,,,,,
Protection de chantier,,,,,,,,,,,1.00,,Yes,,,,,,,forfait,No,,,PREST-PROTECTION,,,Prestation de main-d’œuvre - unité : forfait - prix libre HT à saisir au devis,Compléments chantier,Yes,,,,,,,,,No,,,,,,,,
Évacuation gravats et déchèterie,,,,,,,,,,,1.00,,Yes,,,,,,,forfait,No,,,PREST-EVAC-GRAVATS,,,Prestation de main-d’œuvre - unité : forfait - prix libre HT à saisir au devis,Compléments chantier,Yes,,,,,,,,,No,,,,,,,,
Main-d’œuvre complémentaire,,,,,,,,,,,1.00,,Yes,,,,,,,heure,No,,,PREST-MO-COMP,,,Prestation de main-d’œuvre - unité : heure - prix libre HT à saisir au devis,Compléments chantier,Yes,,,,,,,,,No,,,,,,,,
LM - Arrivée électrique portail prévue - 241.67 € HT,,,,,,,,,,,241.67,,No,,,,,,,forfait,No,,,LM-OAP025-001-HT,,,Tarif Leroy Merlin HT : 241.67 € | Passage de gaines et câbles entre piliers pour moteurs et accessoires | Barème OAP025-001 | Unité : forfait,Barème LM - Portail,Yes,,,,,,,,,No,,,,,,,,
LM - Création installation électrique portail - 864.17 € HT,,,,,,,,,,,864.17,,No,,,,,,,forfait,No,,,LM-OAP025-002-HT,,,Tarif Leroy Merlin HT : 864.17 € | Installation électrique depuis le tableau principal jusqu’au portail | Barème OAP025-002 | Unité : forfait,Barème LM - Portail,Yes,,,,,,,,,No,,,,,,,,
LM - Supplément excavation sol dur - 806.67 € HT,,,,,,,,,,,806.67,,No,,,,,,,forfait,No,,,LM-OAP025-003-HT,,,Tarif Leroy Merlin HT : 806.67 € | Excavation mécanique dans un sol dur | Barème OAP025-003 | Unité : forfait,Barème LM - Portail,Yes,,,,,,,,,No,,,,,,,,
LM - Portillon avec gâche électrique - 316.67 € HT,,,,,,,,,,,316.67,,No,,,,,,,unité,No,,,LM-OAP025-004-HT,,,Tarif Leroy Merlin HT : 316.67 € | Pose et raccordement d’une gâche électrique sur arrivée disponible | Barème OAP025-004 | Unité : unité,Barème LM - Portail,Yes,,,,,,,,,No,,,,,,,,
LM - Pose portail battant - 280.00 € HT,,,,,,,,,,,280.00,,No,,,,,,,unité,No,,,LM-OAP025-005-HT,,,"Tarif Leroy Merlin HT : 280.00 € | Installation, mise en service et réglage | Barème OAP025-005 | Unité : unité",Barème LM - Portail,Yes,,,,,,,,,No,,,,,,,,
LM - Pose portail coulissant - 365.00 € HT,,,,,,,,,,,365.00,,No,,,,,,,unité,No,,,LM-OAP025-006-HT,,,"Tarif Leroy Merlin HT : 365.00 € | Installation, mise en service et réglage | Barème OAP025-006 | Unité : unité",Barème LM - Portail,Yes,,,,,,,,,No,,,,,,,,
LM - Pose portillon simple - 230.00 € HT,,,,,,,,,,,230.00,,No,,,,,,,unité,No,,,LM-OAP025-007-HT,,,"Tarif Leroy Merlin HT : 230.00 € | Installation, mise en service et réglage | Barème OAP025-007 | Unité : unité",Barème LM - Portail,Yes,,,,,,,,,No,,,,,,,,
LM - Pose interphone / visiophone - 100.00 € HT,,,,,,,,,,,100.00,,No,,,,,,,unité,No,,,LM-OAP025-008-HT,,,Tarif Leroy Merlin HT : 100.00 € | Installation et raccordement sur arrivée disponible | Barème OAP025-008 | Unité : unité,Barème LM - Portail,Yes,,,,,,,,,No,,,,,,,,
LM - Pose digicode - 40.00 € HT,,,,,,,,,,,40.00,,No,,,,,,,unité,No,,,LM-OAP025-009-HT,,,Tarif Leroy Merlin HT : 40.00 € | Installation et raccordement sur arrivée disponible | Barème OAP025-009 | Unité : unité,Barème LM - Portail,Yes,,,,,,,,,No,,,,,,,,
LM - Dépose portail + mise en déchetterie - 100.00 € HT,,,,,,,,,,,100.00,,No,,,,,,,unité,No,,,LM-OAP025-010-HT,,,"Tarif Leroy Merlin HT : 100.00 € | Démontage du portail existant, gonds et mise en déchetterie | Barème OAP025-010 | Unité : unité",Barème LM - Portail,Yes,,,,,,,,,No,,,,,,,,
LM - Transformation battant vers coulissant - 806.67 € HT,,,,,,,,,,,806.67,,No,,,,,,,forfait,No,,,LM-OAP025-011-HT,,,Tarif Leroy Merlin HT : 806.67 € | Création de la longrine nécessaire au refoulement | Barème OAP025-011 | Unité : forfait,Barème LM - Portail,Yes,,,,,,,,,No,,,,,,,,
LM - Démolition + remontage 2 piliers - 1210.00 € HT,,,,,,,,,,,1210.00,,No,,,,,,,forfait,No,,,LM-OAP025-012-HT,,,Tarif Leroy Merlin HT : 1210.00 € | Création de 2 piliers maçonnés après démolition | Barème OAP025-012 | Unité : forfait,Barème LM - Portail,Yes,,,,,,,,,No,,,,,,,,
LM - Piliers remplacés par poteaux aluminium - 967.50 € HT,,,,,,,,,,,967.50,,No,,,,,,,forfait,No,,,LM-OAP025-013-HT,,,"Tarif Leroy Merlin HT : 967.50 € | Démolition, évacuation et remplacement par poteaux aluminium | Barème OAP025-013 | Unité : forfait",Barème LM - Portail,Yes,,,,,,,,,No,,,,,,,,
LM - Portail battant neuf avec maçonnerie - 806.67 € HT,,,,,,,,,,,806.67,,No,,,,,,,forfait,No,,,LM-OAP025-014-HT,,,Tarif Leroy Merlin HT : 806.67 € | Création seuil béton et 2 piliers maçonnés | Barème OAP025-014 | Unité : forfait,Barème LM - Portail,Yes,,,,,,,,,No,,,,,,,,
LM - Portail coulissant neuf avec maçonnerie - 1008.33 € HT,,,,,,,,,,,1008.33,,No,,,,,,,forfait,No,,,LM-OAP025-015-HT,,,"Tarif Leroy Merlin HT : 1008.33 € | Création seuil, longrine et 2 piliers maçonnés | Barème OAP025-015 | Unité : forfait",Barème LM - Portail,Yes,,,,,,,,,No,,,,,,,,
LM - Mise en service motorisation portail - 225.00 € HT,,,,,,,,,,,225.00,,No,,,,,,,unité,No,,,LM-OAP025-016-HT,,,Tarif Leroy Merlin HT : 225.00 € | Mise en service et réglage de la motorisation | Barème OAP025-016 | Unité : unité,Barème LM - Portail,Yes,,,,,,,,,No,,,,,,,,
LM - Portillon - démolition + remontage piliers - 403.33 € HT,,,,,,,,,,,403.33,,No,,,,,,,forfait,No,,,LM-OAP025-017-HT,,,Tarif Leroy Merlin HT : 403.33 € | Création de 2 piliers maçonnés pour portillon | Barème OAP025-017 | Unité : forfait,Barème LM - Portail,Yes,,,,,,,,,No,,,,,,,,
LM - Portillon neuf avec maçonnerie - 403.33 € HT,,,,,,,,,,,403.33,,No,,,,,,,forfait,No,,,LM-OAP025-018-HT,,,Tarif Leroy Merlin HT : 403.33 € | Création seuil béton et 2 piliers maçonnés | Barème OAP025-018 | Unité : forfait,Barème LM - Portail,Yes,,,,,,,,,No,,,,,,,,
LM - Déplacement artisan portail - 50.00 € HT,,,,,,,,,,,50.00,,No,,,,,,,unité,No,,,LM-OAP025-019-HT,,,Tarif Leroy Merlin HT : 50.00 € | Déplacement de l’artisan | Barème OAP025-019 | Unité : unité,Barème LM - Portail,Yes,,,,,,,,,No,,,,,,,,
LM - Pose droite carrelage standard - 1 pièce - 52.43 € HT,,,,,,,,,,,52.43,,No,,,,,,,m²,No,,,LM-OAP036-003-HT,,,"Tarif Leroy Merlin HT : 52.43 € | Pose droite, coupes, primaire si nécessaire et joints | Barème OAP036-003 | Unité : m²",Barème LM - Carrelage sol,Yes,,,,,,,,,No,,,,,,,,
LM - Pose droite carrelage standard - 2 à 3 pièces - 57.20 € HT,,,,,,,,,,,57.20,,No,,,,,,,m²,No,,,LM-OAP036-004-HT,,,"Tarif Leroy Merlin HT : 57.20 € | Pose droite, coupes, primaire si nécessaire et joints | Barème OAP036-004 | Unité : m²",Barème LM - Carrelage sol,Yes,,,,,,,,,No,,,,,,,,
LM - Pose très grands carreaux - 119.17 € HT,,,,,,,,,,,119.17,,No,,,,,,,m²,No,,,LM-OAP036-014-HT,,,Tarif Leroy Merlin HT : 119.17 € | Pose collée de carreaux de très grand format | Barème OAP036-014 | Unité : m²,Barème LM - Carrelage sol,Yes,,,,,,,,,No,,,,,,,,
LM - Dépose carrelage - 38.13 € HT,,,,,,,,,,,38.13,,No,,,,,,,m²,No,,,LM-OAP036-015-HT,,,Tarif Leroy Merlin HT : 38.13 € | Dépose de carrelage | Barème OAP036-015 | Unité : m²,Barème LM - Carrelage sol,Yes,,,,,,,,,No,,,,,,,,
LM - Ragréage autolissant / fibré - 16.68 € HT,,,,,,,,,,,16.68,,No,,,,,,,m²,No,,,LM-OAP036-020-HT,,,"Tarif Leroy Merlin HT : 16.68 € | Préparation, primaire et application du ragréage | Barème OAP036-020 | Unité : m²",Barème LM - Carrelage sol,Yes,,,,,,,,,No,,,,,,,,
LM - Ragréage haute épaisseur - 20.26 € HT,,,,,,,,,,,20.26,,No,,,,,,,m²,No,,,LM-OAP036-021-HT,,,"Tarif Leroy Merlin HT : 20.26 € | Préparation, primaire et ragréage haute épaisseur | Barème OAP036-021 | Unité : m²",Barème LM - Carrelage sol,Yes,,,,,,,,,No,,,,,,,,
LM - Dépose / pose plinthes carrelage - 15.49 € HT,,,,,,,,,,,15.49,,No,,,,,,,ml,No,,,LM-OAP036-025-HT,,,Tarif Leroy Merlin HT : 15.49 € | Dépose et pose avec mastic périphérique | Barème OAP036-025 | Unité : ml,Barème LM - Carrelage sol,Yes,,,,,,,,,No,,,,,,,,
LM - Pose carrelage mural format standard - 54.95 € HT,,,,,,,,,,,54.95,,No,,,,,,,m²,No,,,LM-OAP039-002-HT,,,"Tarif Leroy Merlin HT : 54.95 € | Pose sur murs sains, primaire, joints, baguettes et silicone | Barème OAP039-002 | Unité : m²",Barème LM - Carrelage mural,Yes,,,,,,,,,No,,,,,,,,
LM - Pose carrelage mural très grand format - 97.68 € HT,,,,,,,,,,,97.68,,No,,,,,,,m²,No,,,LM-OAP039-009-HT,,,Tarif Leroy Merlin HT : 97.68 € | Pose de carreaux très grand format sur murs sains | Barème OAP039-009 | Unité : m²,Barème LM - Carrelage mural,Yes,,,,,,,,,No,,,,,,,,
LM - Dépose carrelage mural - 38.66 € HT,,,,,,,,,,,38.66,,No,,,,,,,m²,No,,,LM-OAP039-010-HT,,,Tarif Leroy Merlin HT : 38.66 € | Dépose du carrelage mural existant | Barème OAP039-010 | Unité : m²,Barème LM - Carrelage mural,Yes,,,,,,,,,No,,,,,,,,
LM - Étanchéité espace douche - 125.43 € HT,,,,,,,,,,,125.43,,No,,,,,,,unité,No,,,LM-OAP039-012-HT,,,Tarif Leroy Merlin HT : 125.43 € | Application d’un kit d’étanchéité avec produit hydrofuge et bandes | Barème OAP039-012 | Unité : unité,Barème LM - Carrelage mural,Yes,,,,,,,,,No,,,,,,,,
LM - Rafraîchissement murs - 15.75 € HT,,,,,,,,,,,15.75,,No,,,,,,,m²,No,,,LM-OAP034-002-HT,,,"Tarif Leroy Merlin HT : 15.75 € | Protection, lessivage et 2 couches de finition | Barème OAP034-002 | Unité : m²",Barème LM - Peinture,Yes,,,,,,,,,No,,,,,,,,
LM - Rafraîchissement plafonds - 18.00 € HT,,,,,,,,,,,18.00,,No,,,,,,,m²,No,,,LM-OAP034-003-HT,,,"Tarif Leroy Merlin HT : 18.00 € | Protection, lessivage et 2 couches de finition | Barème OAP034-003 | Unité : m²",Barème LM - Peinture,Yes,,,,,,,,,No,,,,,,,,
LM - Peinture murs prêts à peindre - 20.25 € HT,,,,,,,,,,,20.25,,No,,,,,,,m²,No,,,LM-OAP034-004-HT,,,"Tarif Leroy Merlin HT : 20.25 € | Protection, lessivage, sous-couche et 2 couches | Barème OAP034-004 | Unité : m²",Barème LM - Peinture,Yes,,,,,,,,,No,,,,,,,,
LM - Peinture plafonds prêts à peindre - 26.25 € HT,,,,,,,,,,,26.25,,No,,,,,,,m²,No,,,LM-OAP034-005-HT,,,"Tarif Leroy Merlin HT : 26.25 € | Protection, lessivage, sous-couche et 2 couches | Barème OAP034-005 | Unité : m²",Barème LM - Peinture,Yes,,,,,,,,,No,,,,,,,,
LM - Enduisage partiel + peinture murs - 29.25 € HT,,,,,,,,,,,29.25,,No,,,,,,,m²,No,,,LM-OAP034-006-HT,,,"Tarif Leroy Merlin HT : 29.25 € | Lessivage, enduisage partiel, sous-couche et 2 couches | Barème OAP034-006 | Unité : m²",Barème LM - Peinture,Yes,,,,,,,,,No,,,,,,,,
LM - Redressage complet + peinture murs - 37.50 € HT,,,,,,,,,,,37.50,,No,,,,,,,m²,No,,,LM-OAP034-008-HT,,,"Tarif Leroy Merlin HT : 37.50 € | Redressage total, sous-couche et 2 couches | Barème OAP034-008 | Unité : m²",Barème LM - Peinture,Yes,,,,,,,,,No,,,,,,,,
