SKU,Status,Product URL,Image 1
LM-80129158,not_found,,
LM-69999020,not_found,,
LM-75598306,not_found,,
LM-75498150,not_found,,
LM-80152849,not_found,,
LM-88127360,not_found,,
LM-66762724,not_found,,
LM-67002054,not_found,,
LM-61367971,not_found,,
LM-73205006,not_found,,
LM-87657925,not_found,,
LM-67610144,not_found,,
LM-65331560,not_found,,
LM-69051871,not_found,,
LM-84862907,not_found,,
LM-68060006,not_found,,
LM-68618025,not_found,,
LM-82278583,not_found,,
LM-77260190,not_found,,
LM-80134514,not_found,,
LM-82709661,not_found,,
LM-80134518,not_found,,
LM-82279843,not_found,,
LM-70350343,not_found,,
LM-91223228,not_found,,
LM-70808703,not_found,,
LM-70809046,not_found,,
LM-70808941,not_found,,
LM-69389796,not_found,,
LM-84818576,not_found,,
LM-80126912,not_found,,
LM-84851012,not_found,,
LM-84851077,not_found,,
LM-88763881,not_found,,
LM-84851142,not_found,,
LM-88792670,not_found,,
LM-87919181,not_found,,
LM-64931454,not_found,,
LM-69188630,not_found,,
LM-63937636,not_found,,
LM-63937643,not_found,,
LM-63937762,not_found,,
LM-66539333,not_found,,
LM-66540264,not_found,,
LM-66540250,not_found,,
LM-84850993,not_found,,
LM-84850988,not_found,,
LM-84850996,not_found,,
LM-84850962,not_found,,
LM-70221550,not_found,,
LM-84851096,not_found,,
LM-84850982,not_found,,
LM-84851052,not_found,,
LM-84851131,not_found,,
LM-84850989,not_found,,
LM-84851095,not_found,,
LM-84850964,not_found,,
LM-84851089,not_found,,
LM-84850994,not_found,,
LM-84851000,not_found,,
LM-88792669,not_found,,
LM-88792666,not_found,,
LM-84851119,not_found,,
LM-84851088,not_found,,
LM-84851061,not_found,,
LM-84851120,not_found,,
LM-84851057,not_found,,
LM-84851055,not_found,,
LM-84851123,not_found,,
LM-84851048,not_found,,
LM-93904300,not_found,,
LM-70174433,not_found,,
LM-80176510,not_found,,
LM-70246813,not_found,,
LM-88132958,not_found,,
LM-89153214,not_found,,
LM-88279383,not_found,,
LM-86408382,not_found,,
LM-88279387,not_found,,
LM-86408380,not_found,,
LM-86408385,not_found,,
LM-83325275,not_found,,
LM-82222858,not_found,,
LM-82222838,not_found,,
LM-88158977,not_found,,
LM-82645826,not_found,,
LM-98220538,not_found,,
LM-19095790,not_found,,
LM-70348341,not_found,,
LM-70257453,not_found,,
LM-67764186,not_found,,
LM-97667945,not_found,,
LM-70348355,not_found,,
LM-73031595,not_found,,
LM-73031672,not_found,,
LM-85063440,not_found,,
LM-67183151,not_found,,
LM-73031784,not_found,,
LM-73031791,not_found,,
LM-84173427,not_found,,
