SKU,Image 1
LM-91988857,https://media.adeo.com/media/4775757/media.png?fit=bounds&format=jpg&height=125&quality=60&width=125
LM-91952412,https://media.adeo.com/media/4447892/media.png?fit=bounds&format=jpg&height=125&quality=60&width=125
LM-91952413,https://media.adeo.com/media/4447896/media.png?fit=bounds&format=jpg&height=125&quality=60&width=125
LM-91952437,https://media.adeo.com/media/4447902/media.png?fit=bounds&format=jpg&height=3000&quality=80&width=3000
LM-88319690,https://media.adeo.com/media/1669228/media.jpg?fit=bounds&format=jpg&height=125&quality=60&width=125
LM-88802142,https://media.adeo.com/media/3665379/media.jpg?fit=bounds&format=jpg&height=125&quality=60&width=125
LM-80136218,https://media.adeo.com/media/990324/media.jpg?fit=bounds&format=jpg&height=125&quality=60&width=125
LM-80152841,https://media.adeo.com/media/1106139/media.jpg?fit=bounds&format=jpg&height=125&quality=60&width=125
LM-88596328,https://media.adeo.com/media/3861393/media.jpg?fit=bounds&format=jpg&height=125&quality=60&width=125
LM-80136219,https://media.adeo.com/media/990324/media.jpg?fit=bounds&format=jpg&height=125&quality=60&width=125
LM-82620217,https://media.adeo.com/media/1079797/media.jpg?fit=bounds&format=jpg&height=125&quality=60&width=125
LM-82620216,https://media.adeo.com/media/850550/media.jpg?fit=bounds&format=jpg&height=125&quality=60&width=125
LM-82371622,https://media.adeo.com/media/745489/media.png?fit=bounds&format=jpg&height=125&quality=60&width=125
LM-80129330,https://media.adeo.com/media/1215816/media.jpg?fit=bounds&format=jpg&height=125&quality=60&width=125
LM-80129018,https://media.adeo.com/media/1638129/media.jpg?fit=bounds&format=jpg&height=125&quality=60&width=125
LM-88596577,https://media.adeo.com/media/3724233/media.jpg?fit=bounds&format=jpg&height=3000&quality=80&width=3000
LM-60655231,https://media.adeo.com/media/1126859/media.jpg?fit=bounds&format=jpg&height=650&quality=80&width=650
LM-61368006,https://media.adeo.com/media/1083462/media.jpg
LM-66639664,https://media.adeo.com/media/4150040/media.png?auto=webp&fit=bounds&format=jpg&optimize=high&quality=100&width=4000
LM-80126306,https://media.adeo.com/media/1106139/media.jpg?fit=bounds&format=jpg&height=125&quality=60&width=125
LM-80139321,https://media.adeo.com/media/3291140/media.jpg?fit=bounds&format=jpg&height=125&quality=60&width=125
